array,occasion,post,ElevationLP,Elev,Rugged,distWater,TempAM
1,1,A,762,858.15,90.51,5826.01,21
1,1,A,762,858.15,90.51,5826.01,21
1,1,A,762,858.15,90.51,5826.01,21
1,1,C,887,858.15,90.51,5826.01,21
1,1,C,887,858.15,90.51,5826.01,21
1,2,A,762,858.15,90.51,5826.01,20.3
1,2,A,762,858.15,90.51,5826.01,20.3
1,2,A,762,858.15,90.51,5826.01,20.3
1,2,B,771,858.15,90.51,5826.01,20.3
1,2,B,771,858.15,90.51,5826.01,20.3
1,2,B,771,858.15,90.51,5826.01,20.3
1,2,C,887,858.15,90.51,5826.01,20.3
1,2,C,887,858.15,90.51,5826.01,20.3
1,2,C,887,858.15,90.51,5826.01,20.3
1,2,C,887,858.15,90.51,5826.01,20.3
1,3,A,762,858.15,90.51,5826.01,20.7
1,3,A,762,858.15,90.51,5826.01,20.7
1,3,B,771,858.15,90.51,5826.01,20.7
1,3,B,771,858.15,90.51,5826.01,20.7
1,3,B,771,858.15,90.51,5826.01,20.7
1,3,B,771,858.15,90.51,5826.01,20.7
1,3,C,887,858.15,90.51,5826.01,20.7
1,3,C,887,858.15,90.51,5826.01,20.7
1,3,C,887,858.15,90.51,5826.01,20.7
1,4,A,762,858.15,90.51,5826.01,22.1
1,4,A,762,858.15,90.51,5826.01,22.1
1,4,A,762,858.15,90.51,5826.01,22.1
1,4,A,762,858.15,90.51,5826.01,22.1
1,4,B,771,858.15,90.51,5826.01,22.1
1,4,B,771,858.15,90.51,5826.01,22.1
1,4,C,887,858.15,90.51,5826.01,22.1
1,4,C,887,858.15,90.51,5826.01,22.1
1,4,C,887,858.15,90.51,5826.01,22.1
2,1,B,800,865.28,85.12,6214.99,19
2,1,C,765,865.28,85.12,6214.99,19
2,1,C,765,865.28,85.12,6214.99,19
2,1,C,765,865.28,85.12,6214.99,19
2,2,A,844,865.28,85.12,6214.99,18.4
2,2,B,800,865.28,85.12,6214.99,18.4
2,2,B,800,865.28,85.12,6214.99,18.4
2,2,B,800,865.28,85.12,6214.99,18.4
2,2,B,800,865.28,85.12,6214.99,18.4
2,2,C,765,865.28,85.12,6214.99,18.4
2,2,C,765,865.28,85.12,6214.99,18.4
2,2,C,765,865.28,85.12,6214.99,18.4
2,2,C,765,865.28,85.12,6214.99,18.4
2,2,C,765,865.28,85.12,6214.99,18.4
2,3,B,800,865.28,85.12,6214.99,
2,3,B,800,865.28,85.12,6214.99,
2,3,B,800,865.28,85.12,6214.99,
2,3,C,765,865.28,85.12,6214.99,
2,3,C,765,865.28,85.12,6214.99,
2,3,C,765,865.28,85.12,6214.99,
2,4,A,844,865.28,85.12,6214.99,20.3
2,4,A,844,865.28,85.12,6214.99,20.3
2,4,A,844,865.28,85.12,6214.99,20.3
2,4,B,800,865.28,85.12,6214.99,20.3
2,4,B,800,865.28,85.12,6214.99,20.3
2,4,B,800,865.28,85.12,6214.99,20.3
2,4,B,800,865.28,85.12,6214.99,20.3
2,4,C,765,865.28,85.12,6214.99,20.3
2,4,C,765,865.28,85.12,6214.99,20.3
2,4,C,765,865.28,85.12,6214.99,20.3
2,4,C,765,865.28,85.12,6214.99,20.3
2,4,C,765,865.28,85.12,6214.99,20.3
2,4,C,765,865.28,85.12,6214.99,20.3
3,1,A,709,739.22,31.16,6678,18.1
3,1,A,709,739.22,31.16,6678,18.1
3,1,A,709,739.22,31.16,6678,18.1
3,1,B,708,739.22,31.16,6678,18.1
3,1,B,708,739.22,31.16,6678,18.1
3,1,C,726,739.22,31.16,6678,18.1
3,1,C,726,739.22,31.16,6678,18.1
3,2,A,709,739.22,31.16,6678,15.7
3,2,A,709,739.22,31.16,6678,15.7
3,2,A,709,739.22,31.16,6678,15.7
3,2,A,709,739.22,31.16,6678,15.7
3,2,A,709,739.22,31.16,6678,15.7
3,2,A,709,739.22,31.16,6678,15.7
3,2,B,708,739.22,31.16,6678,15.7
3,2,B,708,739.22,31.16,6678,15.7
3,2,B,708,739.22,31.16,6678,15.7
3,2,C,726,739.22,31.16,6678,15.7
3,2,C,726,739.22,31.16,6678,15.7
3,2,C,726,739.22,31.16,6678,15.7
3,2,C,726,739.22,31.16,6678,15.7
3,2,C,726,739.22,31.16,6678,15.7
3,3,A,709,739.22,31.16,6678,17.4
3,3,A,709,739.22,31.16,6678,17.4
3,3,A,709,739.22,31.16,6678,17.4
3,3,B,708,739.22,31.16,6678,17.4
3,3,C,726,739.22,31.16,6678,17.4
3,4,A,709,739.22,31.16,6678,17.8
3,4,A,709,739.22,31.16,6678,17.8
3,4,A,709,739.22,31.16,6678,17.8
3,4,A,709,739.22,31.16,6678,17.8
3,4,A,709,739.22,31.16,6678,17.8
3,4,B,708,739.22,31.16,6678,17.8
3,4,B,708,739.22,31.16,6678,17.8
3,4,C,726,739.22,31.16,6678,17.8
3,4,C,726,739.22,31.16,6678,17.8
3,4,C,726,739.22,31.16,6678,17.8
4,1,A,855,917.67,97.86,5018.81,17.8
4,1,B,987,917.67,97.86,5018.81,17.8
4,1,C,1035,917.67,97.86,5018.81,17.8
4,2,B,987,917.67,97.86,5018.81,17.8
4,3,A,855,917.67,97.86,5018.81,17.3
4,3,B,987,917.67,97.86,5018.81,17.3
4,3,B,987,917.67,97.86,5018.81,17.3
4,3,C,1035,917.67,97.86,5018.81,17.3
4,3,C,1035,917.67,97.86,5018.81,17.3
4,3,C,1035,917.67,97.86,5018.81,17.3
4,4,B,987,917.67,97.86,5018.81,18.7
4,4,B,987,917.67,97.86,5018.81,18.7
4,4,B,987,917.67,97.86,5018.81,18.7
5,1,A,885,912.82,84.65,3979.37,16.8
5,1,A,885,912.82,84.65,3979.37,16.8
5,1,A,885,912.82,84.65,3979.37,16.8
5,1,A,885,912.82,84.65,3979.37,16.8
5,1,B,945,912.82,84.65,3979.37,16.8
5,1,B,945,912.82,84.65,3979.37,16.8
5,1,B,945,912.82,84.65,3979.37,16.8
5,1,B,945,912.82,84.65,3979.37,16.8
5,1,B,945,912.82,84.65,3979.37,16.8
5,1,C,1002,912.82,84.65,3979.37,16.8
5,1,C,1002,912.82,84.65,3979.37,16.8
5,1,C,1002,912.82,84.65,3979.37,16.8
5,1,C,1002,912.82,84.65,3979.37,16.8
5,1,C,1002,912.82,84.65,3979.37,16.8
5,1,C,1002,912.82,84.65,3979.37,16.8
5,2,A,885,912.82,84.65,3979.37,16.8
5,2,A,885,912.82,84.65,3979.37,16.8
5,2,A,885,912.82,84.65,3979.37,16.8
5,2,A,885,912.82,84.65,3979.37,16.8
5,2,A,885,912.82,84.65,3979.37,16.8
5,2,A,885,912.82,84.65,3979.37,16.8
5,2,B,945,912.82,84.65,3979.37,16.8
5,2,B,945,912.82,84.65,3979.37,16.8
5,2,B,945,912.82,84.65,3979.37,16.8
5,2,C,1002,912.82,84.65,3979.37,16.8
5,2,C,1002,912.82,84.65,3979.37,16.8
5,2,C,1002,912.82,84.65,3979.37,16.8
5,2,C,1002,912.82,84.65,3979.37,16.8
5,2,C,1002,912.82,84.65,3979.37,16.8
5,3,A,885,912.82,84.65,3979.37,15.1
5,3,A,885,912.82,84.65,3979.37,15.1
5,3,B,945,912.82,84.65,3979.37,15.1
5,3,B,945,912.82,84.65,3979.37,15.1
5,3,C,1002,912.82,84.65,3979.37,15.1
5,3,C,1002,912.82,84.65,3979.37,15.1
5,3,C,1002,912.82,84.65,3979.37,15.1
5,3,C,1002,912.82,84.65,3979.37,15.1
5,4,A,885,912.82,84.65,3979.37,12.8
5,4,A,885,912.82,84.65,3979.37,12.8
5,4,A,885,912.82,84.65,3979.37,12.8
5,4,B,945,912.82,84.65,3979.37,12.8
5,4,B,945,912.82,84.65,3979.37,12.8
5,4,B,945,912.82,84.65,3979.37,12.8
5,4,B,945,912.82,84.65,3979.37,12.8
5,4,B,945,912.82,84.65,3979.37,12.8
5,4,C,1002,912.82,84.65,3979.37,12.8
5,4,C,1002,912.82,84.65,3979.37,12.8
5,4,C,1002,912.82,84.65,3979.37,12.8
5,4,C,1002,912.82,84.65,3979.37,12.8
5,4,C,1002,912.82,84.65,3979.37,12.8
5,4,C,1002,912.82,84.65,3979.37,12.8
5,4,C,1002,912.82,84.65,3979.37,12.8
6,1,A,803,815.34,41.77,2845.14,16.4
6,1,A,803,815.34,41.77,2845.14,16.4
6,1,B,776,815.34,41.77,2845.14,16.4
6,1,B,776,815.34,41.77,2845.14,16.4
6,1,B,776,815.34,41.77,2845.14,16.4
6,1,B,776,815.34,41.77,2845.14,16.4
6,1,C,822,815.34,41.77,2845.14,16.4
6,2,A,803,815.34,41.77,2845.14,12
6,2,A,803,815.34,41.77,2845.14,12
6,2,A,803,815.34,41.77,2845.14,12
6,2,A,803,815.34,41.77,2845.14,12
6,2,B,776,815.34,41.77,2845.14,12
6,2,C,822,815.34,41.77,2845.14,12
6,2,C,822,815.34,41.77,2845.14,12
6,3,A,803,815.34,41.77,2845.14,10.3
6,3,A,803,815.34,41.77,2845.14,10.3
6,3,A,803,815.34,41.77,2845.14,10.3
6,3,A,803,815.34,41.77,2845.14,10.3
6,3,B,776,815.34,41.77,2845.14,10.3
6,3,B,776,815.34,41.77,2845.14,10.3
6,3,B,776,815.34,41.77,2845.14,10.3
6,3,C,822,815.34,41.77,2845.14,10.3
6,3,C,822,815.34,41.77,2845.14,10.3
6,3,C,822,815.34,41.77,2845.14,10.3
6,3,C,822,815.34,41.77,2845.14,10.3
6,4,A,803,815.34,41.77,2845.14,14.2
6,4,A,803,815.34,41.77,2845.14,14.2
6,4,B,776,815.34,41.77,2845.14,14.2
6,4,B,776,815.34,41.77,2845.14,14.2
6,4,B,776,815.34,41.77,2845.14,14.2
6,4,B,776,815.34,41.77,2845.14,14.2
6,4,B,776,815.34,41.77,2845.14,14.2
6,4,C,822,815.34,41.77,2845.14,14.2
6,4,C,822,815.34,41.77,2845.14,14.2
6,4,C,822,815.34,41.77,2845.14,14.2
6,4,C,822,815.34,41.77,2845.14,14.2
6,4,C,822,815.34,41.77,2845.14,14.2
6,4,C,822,815.34,41.77,2845.14,14.2
6,4,C,822,815.34,41.77,2845.14,14.2
7,1,A,809,820.06,59.55,3253.12,12
7,1,A,809,820.06,59.55,3253.12,12
7,1,A,809,820.06,59.55,3253.12,12
7,1,B,818,820.06,59.55,3253.12,12
7,1,B,818,820.06,59.55,3253.12,12
7,1,B,818,820.06,59.55,3253.12,12
7,1,C,723,820.06,59.55,3253.12,12
7,1,C,723,820.06,59.55,3253.12,12
7,2,A,809,820.06,59.55,3253.12,10.5
7,2,A,809,820.06,59.55,3253.12,10.5
7,2,B,818,820.06,59.55,3253.12,10.5
7,2,B,818,820.06,59.55,3253.12,10.5
7,2,C,723,820.06,59.55,3253.12,10.5
7,3,A,809,820.06,59.55,3253.12,6.6
7,3,A,809,820.06,59.55,3253.12,6.6
7,3,A,809,820.06,59.55,3253.12,6.6
7,3,A,809,820.06,59.55,3253.12,6.6
7,3,B,818,820.06,59.55,3253.12,6.6
7,3,B,818,820.06,59.55,3253.12,6.6
7,3,B,818,820.06,59.55,3253.12,6.6
7,3,B,818,820.06,59.55,3253.12,6.6
7,3,B,818,820.06,59.55,3253.12,6.6
7,3,B,818,820.06,59.55,3253.12,6.6
7,3,B,818,820.06,59.55,3253.12,6.6
7,3,C,723,820.06,59.55,3253.12,6.6
7,3,C,723,820.06,59.55,3253.12,6.6
7,3,C,723,820.06,59.55,3253.12,6.6
7,4,A,809,820.06,59.55,3253.12,9
7,4,A,809,820.06,59.55,3253.12,9
7,4,A,809,820.06,59.55,3253.12,9
7,4,A,809,820.06,59.55,3253.12,9
7,4,A,809,820.06,59.55,3253.12,9
7,4,B,818,820.06,59.55,3253.12,9
7,4,B,818,820.06,59.55,3253.12,9
7,4,B,818,820.06,59.55,3253.12,9
7,4,B,818,820.06,59.55,3253.12,9
7,4,C,723,820.06,59.55,3253.12,9
8,1,A,778,795.82,62.94,5051.11,10.2
8,1,A,778,795.82,62.94,5051.11,10.2
8,1,A,778,795.82,62.94,5051.11,10.2
8,1,A,778,795.82,62.94,5051.11,10.2
8,1,B,787,795.82,62.94,5051.11,10.2
8,1,B,787,795.82,62.94,5051.11,10.2
8,1,B,787,795.82,62.94,5051.11,10.2
8,1,B,787,795.82,62.94,5051.11,10.2
8,1,C,781,795.82,62.94,5051.11,10.2
8,1,C,781,795.82,62.94,5051.11,10.2
8,2,A,778,795.82,62.94,5051.11,9.2
8,2,A,778,795.82,62.94,5051.11,9.2
8,2,A,778,795.82,62.94,5051.11,9.2
8,2,A,778,795.82,62.94,5051.11,9.2
8,2,A,778,795.82,62.94,5051.11,9.2
8,2,B,787,795.82,62.94,5051.11,9.2
8,2,B,787,795.82,62.94,5051.11,9.2
8,2,B,787,795.82,62.94,5051.11,9.2
8,2,B,787,795.82,62.94,5051.11,9.2
8,2,B,787,795.82,62.94,5051.11,9.2
8,2,B,787,795.82,62.94,5051.11,9.2
8,2,B,787,795.82,62.94,5051.11,9.2
8,2,C,781,795.82,62.94,5051.11,9.2
8,2,C,781,795.82,62.94,5051.11,9.2
8,2,C,781,795.82,62.94,5051.11,9.2
8,2,C,781,795.82,62.94,5051.11,9.2
8,2,C,781,795.82,62.94,5051.11,9.2
8,3,A,778,795.82,62.94,5051.11,8.8
8,3,A,778,795.82,62.94,5051.11,8.8
8,3,A,778,795.82,62.94,5051.11,8.8
8,3,B,787,795.82,62.94,5051.11,8.8
8,3,B,787,795.82,62.94,5051.11,8.8
8,3,B,787,795.82,62.94,5051.11,8.8
8,3,B,787,795.82,62.94,5051.11,8.8
8,3,B,787,795.82,62.94,5051.11,8.8
8,3,C,781,795.82,62.94,5051.11,8.8
8,3,C,781,795.82,62.94,5051.11,8.8
8,3,C,781,795.82,62.94,5051.11,8.8
8,4,A,778,795.82,62.94,5051.11,7.8
8,4,A,778,795.82,62.94,5051.11,7.8
8,4,A,778,795.82,62.94,5051.11,7.8
8,4,A,778,795.82,62.94,5051.11,7.8
8,4,A,778,795.82,62.94,5051.11,7.8
8,4,B,787,795.82,62.94,5051.11,7.8
8,4,B,787,795.82,62.94,5051.11,7.8
8,4,C,781,795.82,62.94,5051.11,7.8
8,4,C,781,795.82,62.94,5051.11,7.8
8,4,C,781,795.82,62.94,5051.11,7.8
9,1,A,731,734.89,31.58,6534.69,11.4
9,1,B,710,734.89,31.58,6534.69,11.4
9,1,C,709,734.89,31.58,6534.69,11.4
9,2,A,731,734.89,31.58,6534.69,9.7
9,2,A,731,734.89,31.58,6534.69,9.7
9,2,A,731,734.89,31.58,6534.69,9.7
9,2,A,731,734.89,31.58,6534.69,9.7
9,2,A,731,734.89,31.58,6534.69,9.7
9,2,B,710,734.89,31.58,6534.69,9.7
9,2,B,710,734.89,31.58,6534.69,9.7
9,2,B,710,734.89,31.58,6534.69,9.7
9,2,C,709,734.89,31.58,6534.69,9.7
9,2,C,709,734.89,31.58,6534.69,9.7
9,2,C,709,734.89,31.58,6534.69,9.7
9,3,A,731,734.89,31.58,6534.69,10
9,3,A,731,734.89,31.58,6534.69,10
9,3,A,731,734.89,31.58,6534.69,10
9,3,A,731,734.89,31.58,6534.69,10
9,3,B,710,734.89,31.58,6534.69,10
9,3,C,709,734.89,31.58,6534.69,10
9,3,C,709,734.89,31.58,6534.69,10
9,4,A,731,734.89,31.58,6534.69,5.4
9,4,A,731,734.89,31.58,6534.69,5.4
9,4,A,731,734.89,31.58,6534.69,5.4
9,4,A,731,734.89,31.58,6534.69,5.4
9,4,A,731,734.89,31.58,6534.69,5.4
9,4,A,731,734.89,31.58,6534.69,5.4
9,4,B,710,734.89,31.58,6534.69,5.4
9,4,B,710,734.89,31.58,6534.69,5.4
9,4,B,710,734.89,31.58,6534.69,5.4
9,4,C,709,734.89,31.58,6534.69,5.4
9,4,C,709,734.89,31.58,6534.69,5.4
9,4,C,709,734.89,31.58,6534.69,5.4
10,1,A,804,803.67,73.23,6943.02,8.7
10,1,B,795,803.67,73.23,6943.02,8.7
10,1,B,795,803.67,73.23,6943.02,8.7
10,1,C,862,803.67,73.23,6943.02,8.7
10,1,C,862,803.67,73.23,6943.02,8.7
10,2,A,804,803.67,73.23,6943.02,8.2
10,2,A,804,803.67,73.23,6943.02,8.2
10,2,A,804,803.67,73.23,6943.02,8.2
10,2,A,804,803.67,73.23,6943.02,8.2
10,2,B,795,803.67,73.23,6943.02,8.2
10,2,B,795,803.67,73.23,6943.02,8.2
10,2,C,862,803.67,73.23,6943.02,8.2
10,2,C,862,803.67,73.23,6943.02,8.2
10,3,A,804,803.67,73.23,6943.02,8.2
10,3,A,804,803.67,73.23,6943.02,8.2
10,3,A,804,803.67,73.23,6943.02,8.2
10,3,A,804,803.67,73.23,6943.02,8.2
10,3,A,804,803.67,73.23,6943.02,8.2
10,3,A,804,803.67,73.23,6943.02,8.2
10,3,A,804,803.67,73.23,6943.02,8.2
10,3,B,795,803.67,73.23,6943.02,8.2
10,3,B,795,803.67,73.23,6943.02,8.2
10,3,B,795,803.67,73.23,6943.02,8.2
10,3,B,795,803.67,73.23,6943.02,8.2
10,3,B,795,803.67,73.23,6943.02,8.2
10,3,B,795,803.67,73.23,6943.02,8.2
10,3,B,795,803.67,73.23,6943.02,8.2
10,3,B,795,803.67,73.23,6943.02,8.2
10,3,C,862,803.67,73.23,6943.02,8.2
10,3,C,862,803.67,73.23,6943.02,8.2
10,3,C,862,803.67,73.23,6943.02,8.2
10,3,C,862,803.67,73.23,6943.02,8.2
10,4,A,804,803.67,73.23,6943.02,10.1
10,4,A,804,803.67,73.23,6943.02,10.1
10,4,A,804,803.67,73.23,6943.02,10.1
10,4,A,804,803.67,73.23,6943.02,10.1
10,4,A,804,803.67,73.23,6943.02,10.1
10,4,A,804,803.67,73.23,6943.02,10.1
10,4,B,795,803.67,73.23,6943.02,10.1
10,4,B,795,803.67,73.23,6943.02,10.1
10,4,B,795,803.67,73.23,6943.02,10.1
10,4,B,795,803.67,73.23,6943.02,10.1
10,4,B,795,803.67,73.23,6943.02,10.1
10,4,B,795,803.67,73.23,6943.02,10.1
10,4,B,795,803.67,73.23,6943.02,10.1
10,4,C,862,803.67,73.23,6943.02,10.1
10,4,C,862,803.67,73.23,6943.02,10.1
10,4,C,862,803.67,73.23,6943.02,10.1
10,4,C,862,803.67,73.23,6943.02,10.1
11,2,A,797,849.7,74.72,5174.86,11.7
11,2,A,797,849.7,74.72,5174.86,11.7
11,2,B,738,849.7,74.72,5174.86,11.7
11,2,B,738,849.7,74.72,5174.86,11.7
11,3,A,797,849.7,74.72,5174.86,9.7
11,3,A,797,849.7,74.72,5174.86,9.7
11,3,A,797,849.7,74.72,5174.86,9.7
11,3,A,797,849.7,74.72,5174.86,9.7
11,3,B,738,849.7,74.72,5174.86,9.7
11,3,B,738,849.7,74.72,5174.86,9.7
11,3,B,738,849.7,74.72,5174.86,9.7
11,3,C,835,849.7,74.72,5174.86,9.7
11,3,C,835,849.7,74.72,5174.86,9.7
11,3,C,835,849.7,74.72,5174.86,9.7
11,4,A,797,849.7,74.72,5174.86,11.4
11,4,B,738,849.7,74.72,5174.86,11.4
11,4,C,835,849.7,74.72,5174.86,11.4
12,1,A,744,754.23,21.21,6200.24,10.9
12,1,B,717,754.23,21.21,6200.24,10.9
12,1,B,717,754.23,21.21,6200.24,10.9
12,1,C,737,754.23,21.21,6200.24,10.9
12,1,C,737,754.23,21.21,6200.24,10.9
12,2,A,744,754.23,21.21,6200.24,16.2
12,2,B,717,754.23,21.21,6200.24,16.2
12,3,A,744,754.23,21.21,6200.24,13.3
12,3,A,744,754.23,21.21,6200.24,13.3
12,3,B,717,754.23,21.21,6200.24,13.3
12,4,A,744,754.23,21.21,6200.24,11.3
12,4,A,744,754.23,21.21,6200.24,11.3
12,4,A,744,754.23,21.21,6200.24,11.3
12,4,B,717,754.23,21.21,6200.24,11.3
12,4,B,717,754.23,21.21,6200.24,11.3
12,4,B,717,754.23,21.21,6200.24,11.3
13,1,A,919,841.58,78.86,4010.79,8.1
13,1,A,919,841.58,78.86,4010.79,8.1
13,1,A,919,841.58,78.86,4010.79,8.1
13,1,A,919,841.58,78.86,4010.79,8.1
13,1,A,919,841.58,78.86,4010.79,8.1
13,1,A,919,841.58,78.86,4010.79,8.1
13,1,B,860,841.58,78.86,4010.79,8.1
13,1,B,860,841.58,78.86,4010.79,8.1
13,1,C,937,841.58,78.86,4010.79,8.1
13,1,C,937,841.58,78.86,4010.79,8.1
13,1,C,937,841.58,78.86,4010.79,8.1
13,2,A,919,841.58,78.86,4010.79,9.7
13,2,A,919,841.58,78.86,4010.79,9.7
13,2,A,919,841.58,78.86,4010.79,9.7
13,2,B,860,841.58,78.86,4010.79,9.7
13,2,B,860,841.58,78.86,4010.79,9.7
13,2,C,937,841.58,78.86,4010.79,9.7
13,2,C,937,841.58,78.86,4010.79,9.7
13,2,C,937,841.58,78.86,4010.79,9.7
13,2,C,937,841.58,78.86,4010.79,9.7
13,2,C,937,841.58,78.86,4010.79,9.7
13,3,A,919,841.58,78.86,4010.79,9.4
13,3,A,919,841.58,78.86,4010.79,9.4
13,3,A,919,841.58,78.86,4010.79,9.4
13,3,A,919,841.58,78.86,4010.79,9.4
13,3,A,919,841.58,78.86,4010.79,9.4
13,3,B,860,841.58,78.86,4010.79,9.4
13,3,B,860,841.58,78.86,4010.79,9.4
13,3,B,860,841.58,78.86,4010.79,9.4
13,3,B,860,841.58,78.86,4010.79,9.4
13,3,C,937,841.58,78.86,4010.79,9.4
13,3,C,937,841.58,78.86,4010.79,9.4
13,3,C,937,841.58,78.86,4010.79,9.4
13,4,A,919,841.58,78.86,4010.79,12.9
13,4,A,919,841.58,78.86,4010.79,12.9
13,4,A,919,841.58,78.86,4010.79,12.9
13,4,B,860,841.58,78.86,4010.79,12.9
13,4,B,860,841.58,78.86,4010.79,12.9
13,4,C,937,841.58,78.86,4010.79,12.9
13,4,C,937,841.58,78.86,4010.79,12.9
13,4,C,937,841.58,78.86,4010.79,12.9
14,1,A,756,772.49,72.77,2823.52,13
14,1,A,756,772.49,72.77,2823.52,13
14,1,B,833,772.49,72.77,2823.52,13
14,1,C,825,772.49,72.77,2823.52,13
14,2,A,756,772.49,72.77,2823.52,13
14,2,A,756,772.49,72.77,2823.52,13
14,2,B,833,772.49,72.77,2823.52,13
14,2,B,833,772.49,72.77,2823.52,13
14,2,C,825,772.49,72.77,2823.52,13
14,2,C,825,772.49,72.77,2823.52,13
14,3,A,756,772.49,72.77,2823.52,14.8
14,3,A,756,772.49,72.77,2823.52,14.8
14,3,B,833,772.49,72.77,2823.52,14.8
14,3,B,833,772.49,72.77,2823.52,14.8
14,4,A,756,772.49,72.77,2823.52,13.1
14,4,A,756,772.49,72.77,2823.52,13.1
14,4,B,833,772.49,72.77,2823.52,13.1
14,4,B,833,772.49,72.77,2823.52,13.1
14,4,B,833,772.49,72.77,2823.52,13.1
15,1,A,943,873.5,84.77,4310.59,13.6
15,1,B,982,873.5,84.77,4310.59,13.6
15,2,A,943,873.5,84.77,4310.59,14.7
15,2,A,943,873.5,84.77,4310.59,14.7
15,2,A,943,873.5,84.77,4310.59,14.7
15,2,A,943,873.5,84.77,4310.59,14.7
15,2,B,982,873.5,84.77,4310.59,14.7
15,2,B,982,873.5,84.77,4310.59,14.7
15,2,B,982,873.5,84.77,4310.59,14.7
15,2,B,982,873.5,84.77,4310.59,14.7
15,2,B,982,873.5,84.77,4310.59,14.7
15,2,C,1030,873.5,84.77,4310.59,14.7
15,2,C,1030,873.5,84.77,4310.59,14.7
15,2,C,1030,873.5,84.77,4310.59,14.7
15,3,A,943,873.5,84.77,4310.59,20.5
15,3,A,943,873.5,84.77,4310.59,20.5
15,3,A,943,873.5,84.77,4310.59,20.5
15,3,B,982,873.5,84.77,4310.59,20.5
15,3,B,982,873.5,84.77,4310.59,20.5
15,3,C,1030,873.5,84.77,4310.59,20.5
15,3,C,1030,873.5,84.77,4310.59,20.5
15,3,C,1030,873.5,84.77,4310.59,20.5
15,4,A,943,873.5,84.77,4310.59,18.9
15,4,A,943,873.5,84.77,4310.59,18.9
15,4,A,943,873.5,84.77,4310.59,18.9
15,4,B,982,873.5,84.77,4310.59,18.9
15,4,B,982,873.5,84.77,4310.59,18.9
15,4,B,982,873.5,84.77,4310.59,18.9
15,4,B,982,873.5,84.77,4310.59,18.9
15,4,C,1030,873.5,84.77,4310.59,18.9
15,4,C,1030,873.5,84.77,4310.59,18.9
15,4,C,1030,873.5,84.77,4310.59,18.9
16,1,A,914,826.99,83.79,6242.28,14.2
16,1,A,914,826.99,83.79,6242.28,14.2
16,1,A,914,826.99,83.79,6242.28,14.2
16,1,A,914,826.99,83.79,6242.28,14.2
16,1,B,806,826.99,83.79,6242.28,14.2
16,1,B,806,826.99,83.79,6242.28,14.2
16,1,B,806,826.99,83.79,6242.28,14.2
16,1,B,806,826.99,83.79,6242.28,14.2
16,1,C,763,826.99,83.79,6242.28,14.2
16,1,C,763,826.99,83.79,6242.28,14.2
16,1,C,763,826.99,83.79,6242.28,14.2
16,2,A,914,826.99,83.79,6242.28,14.9
16,2,A,914,826.99,83.79,6242.28,14.9
16,2,B,806,826.99,83.79,6242.28,14.9
16,2,B,806,826.99,83.79,6242.28,14.9
16,2,B,806,826.99,83.79,6242.28,14.9
16,2,B,806,826.99,83.79,6242.28,14.9
16,2,C,763,826.99,83.79,6242.28,14.9
16,2,C,763,826.99,83.79,6242.28,14.9
16,2,C,763,826.99,83.79,6242.28,14.9
16,2,C,763,826.99,83.79,6242.28,14.9
16,2,C,763,826.99,83.79,6242.28,14.9
16,3,A,914,826.99,83.79,6242.28,16.6
16,3,A,914,826.99,83.79,6242.28,16.6
16,3,B,806,826.99,83.79,6242.28,16.6
16,3,B,806,826.99,83.79,6242.28,16.6
16,3,B,806,826.99,83.79,6242.28,16.6
16,3,B,806,826.99,83.79,6242.28,16.6
16,3,C,763,826.99,83.79,6242.28,16.6
16,3,C,763,826.99,83.79,6242.28,16.6
16,3,C,763,826.99,83.79,6242.28,16.6
16,4,A,914,826.99,83.79,6242.28,17.9
16,4,A,914,826.99,83.79,6242.28,17.9
16,4,A,914,826.99,83.79,6242.28,17.9
16,4,B,806,826.99,83.79,6242.28,17.9
16,4,B,806,826.99,83.79,6242.28,17.9
16,4,B,806,826.99,83.79,6242.28,17.9
16,4,B,806,826.99,83.79,6242.28,17.9
16,4,C,763,826.99,83.79,6242.28,17.9
16,4,C,763,826.99,83.79,6242.28,17.9
16,4,C,763,826.99,83.79,6242.28,17.9
16,4,C,763,826.99,83.79,6242.28,17.9
17,1,A,814,794.16,58.04,6998.84,18.1
17,1,A,814,794.16,58.04,6998.84,18.1
17,1,A,814,794.16,58.04,6998.84,18.1
17,1,A,814,794.16,58.04,6998.84,18.1
17,1,A,814,794.16,58.04,6998.84,18.1
17,1,B,777,794.16,58.04,6998.84,18.1
17,1,B,777,794.16,58.04,6998.84,18.1
17,1,B,777,794.16,58.04,6998.84,18.1
17,1,C,795,794.16,58.04,6998.84,18.1
17,1,C,795,794.16,58.04,6998.84,18.1
17,1,C,795,794.16,58.04,6998.84,18.1
17,1,C,795,794.16,58.04,6998.84,18.1
17,2,A,814,794.16,58.04,6998.84,17.4
17,2,A,814,794.16,58.04,6998.84,17.4
17,2,A,814,794.16,58.04,6998.84,17.4
17,2,A,814,794.16,58.04,6998.84,17.4
17,2,A,814,794.16,58.04,6998.84,17.4
17,2,A,814,794.16,58.04,6998.84,17.4
17,2,B,777,794.16,58.04,6998.84,17.4
17,2,B,777,794.16,58.04,6998.84,17.4
17,2,B,777,794.16,58.04,6998.84,17.4
17,2,B,777,794.16,58.04,6998.84,17.4
17,2,B,777,794.16,58.04,6998.84,17.4
17,2,C,795,794.16,58.04,6998.84,17.4
17,2,C,795,794.16,58.04,6998.84,17.4
17,2,C,795,794.16,58.04,6998.84,17.4
17,2,C,795,794.16,58.04,6998.84,17.4
17,3,A,814,794.16,58.04,6998.84,15
17,3,A,814,794.16,58.04,6998.84,15
17,3,A,814,794.16,58.04,6998.84,15
17,3,A,814,794.16,58.04,6998.84,15
17,3,A,814,794.16,58.04,6998.84,15
17,3,A,814,794.16,58.04,6998.84,15
17,3,B,777,794.16,58.04,6998.84,15
17,3,B,777,794.16,58.04,6998.84,15
17,3,B,777,794.16,58.04,6998.84,15
17,3,B,777,794.16,58.04,6998.84,15
17,3,B,777,794.16,58.04,6998.84,15
17,3,C,795,794.16,58.04,6998.84,15
17,3,C,795,794.16,58.04,6998.84,15
17,4,A,814,794.16,58.04,6998.84,12.9
17,4,A,814,794.16,58.04,6998.84,12.9
17,4,A,814,794.16,58.04,6998.84,12.9
17,4,B,777,794.16,58.04,6998.84,12.9
17,4,B,777,794.16,58.04,6998.84,12.9
17,4,B,777,794.16,58.04,6998.84,12.9
17,4,B,777,794.16,58.04,6998.84,12.9
17,4,C,795,794.16,58.04,6998.84,12.9
18,1,A,688,741.59,42,5718.06,13
18,1,A,688,741.59,42,5718.06,13
18,1,A,688,741.59,42,5718.06,13
18,1,A,688,741.59,42,5718.06,13
18,1,A,688,741.59,42,5718.06,13
18,1,A,688,741.59,42,5718.06,13
18,1,B,718,741.59,42,5718.06,13
18,1,B,718,741.59,42,5718.06,13
18,1,B,718,741.59,42,5718.06,13
18,1,B,718,741.59,42,5718.06,13
18,1,B,718,741.59,42,5718.06,13
18,1,B,718,741.59,42,5718.06,13
18,1,B,718,741.59,42,5718.06,13
18,1,C,692,741.59,42,5718.06,13
18,1,C,692,741.59,42,5718.06,13
18,2,A,688,741.59,42,5718.06,11.8
18,2,A,688,741.59,42,5718.06,11.8
18,2,A,688,741.59,42,5718.06,11.8
18,2,A,688,741.59,42,5718.06,11.8
18,2,A,688,741.59,42,5718.06,11.8
18,2,A,688,741.59,42,5718.06,11.8
18,2,A,688,741.59,42,5718.06,11.8
18,2,B,718,741.59,42,5718.06,11.8
18,2,B,718,741.59,42,5718.06,11.8
18,2,B,718,741.59,42,5718.06,11.8
18,2,B,718,741.59,42,5718.06,11.8
18,2,B,718,741.59,42,5718.06,11.8
18,2,B,718,741.59,42,5718.06,11.8
18,2,B,718,741.59,42,5718.06,11.8
18,2,C,692,741.59,42,5718.06,11.8
18,2,C,692,741.59,42,5718.06,11.8
18,2,C,692,741.59,42,5718.06,11.8
18,2,C,692,741.59,42,5718.06,11.8
18,3,A,688,741.59,42,5718.06,10
18,3,A,688,741.59,42,5718.06,10
18,3,A,688,741.59,42,5718.06,10
18,3,A,688,741.59,42,5718.06,10
18,3,A,688,741.59,42,5718.06,10
18,3,A,688,741.59,42,5718.06,10
18,3,A,688,741.59,42,5718.06,10
18,3,A,688,741.59,42,5718.06,10
18,3,B,718,741.59,42,5718.06,10
18,3,B,718,741.59,42,5718.06,10
18,3,B,718,741.59,42,5718.06,10
18,3,B,718,741.59,42,5718.06,10
18,3,B,718,741.59,42,5718.06,10
18,3,B,718,741.59,42,5718.06,10
18,3,C,692,741.59,42,5718.06,10
18,3,C,692,741.59,42,5718.06,10
18,4,A,688,741.59,42,5718.06,9.2
18,4,A,688,741.59,42,5718.06,9.2
18,4,A,688,741.59,42,5718.06,9.2
18,4,A,688,741.59,42,5718.06,9.2
18,4,A,688,741.59,42,5718.06,9.2
18,4,A,688,741.59,42,5718.06,9.2
18,4,B,718,741.59,42,5718.06,9.2
18,4,B,718,741.59,42,5718.06,9.2
18,4,B,718,741.59,42,5718.06,9.2
18,4,B,718,741.59,42,5718.06,9.2
18,4,B,718,741.59,42,5718.06,9.2
18,4,B,718,741.59,42,5718.06,9.2
18,4,B,718,741.59,42,5718.06,9.2
18,4,B,718,741.59,42,5718.06,9.2
18,4,B,718,741.59,42,5718.06,9.2
18,4,B,718,741.59,42,5718.06,9.2
18,4,B,718,741.59,42,5718.06,9.2
18,4,C,692,741.59,42,5718.06,9.2
18,4,C,692,741.59,42,5718.06,9.2
18,4,C,692,741.59,42,5718.06,9.2
18,4,C,692,741.59,42,5718.06,9.2
19,1,A,874,881.89,86.57,1562.72,20.2
19,1,A,874,881.89,86.57,1562.72,20.2
19,1,B,904,881.89,86.57,1562.72,20.2
19,1,B,904,881.89,86.57,1562.72,20.2
19,1,C,951,881.89,86.57,1562.72,20.2
19,1,C,951,881.89,86.57,1562.72,20.2
19,2,A,874,881.89,86.57,1562.72,22.4
19,2,B,904,881.89,86.57,1562.72,22.4
19,2,B,904,881.89,86.57,1562.72,22.4
19,2,C,951,881.89,86.57,1562.72,22.4
19,2,C,951,881.89,86.57,1562.72,22.4
19,2,C,951,881.89,86.57,1562.72,22.4
20,1,B,1019,984.59,103.29,2372.16,18.6
20,1,C,1052,984.59,103.29,2372.16,18.6
20,1,C,1052,984.59,103.29,2372.16,18.6
20,2,A,1128,984.59,103.29,2372.16,19.5
20,2,A,1128,984.59,103.29,2372.16,19.5
20,2,B,1019,984.59,103.29,2372.16,19.5
20,2,B,1019,984.59,103.29,2372.16,19.5
20,2,B,1019,984.59,103.29,2372.16,19.5
20,2,C,1052,984.59,103.29,2372.16,19.5
20,2,C,1052,984.59,103.29,2372.16,19.5
20,2,C,1052,984.59,103.29,2372.16,19.5
20,2,C,1052,984.59,103.29,2372.16,19.5
20,2,C,1052,984.59,103.29,2372.16,19.5
20,3,A,1128,984.59,103.29,2372.16,21.6
20,3,A,1128,984.59,103.29,2372.16,21.6
20,3,B,1019,984.59,103.29,2372.16,21.6
20,3,B,1019,984.59,103.29,2372.16,21.6
20,3,B,1019,984.59,103.29,2372.16,21.6
20,3,C,1052,984.59,103.29,2372.16,21.6
20,3,C,1052,984.59,103.29,2372.16,21.6
20,4,A,1128,984.59,103.29,2372.16,21.8
20,4,B,1019,984.59,103.29,2372.16,21.8
20,4,B,1019,984.59,103.29,2372.16,21.8
20,4,B,1019,984.59,103.29,2372.16,21.8
20,4,C,1052,984.59,103.29,2372.16,21.8
20,4,C,1052,984.59,103.29,2372.16,21.8
21,1,A,756,840.63,56.81,4091.65,20.2
21,1,B,772,840.63,56.81,4091.65,20.2
21,1,B,772,840.63,56.81,4091.65,20.2
21,1,C,791,840.63,56.81,4091.65,20.2
21,2,A,756,840.63,56.81,4091.65,18.7
21,2,B,772,840.63,56.81,4091.65,18.7
21,2,C,791,840.63,56.81,4091.65,18.7
21,3,A,756,840.63,56.81,4091.65,14.8
21,3,B,772,840.63,56.81,4091.65,14.8
21,3,C,791,840.63,56.81,4091.65,14.8
21,4,A,756,840.63,56.81,4091.65,17.6
21,4,A,756,840.63,56.81,4091.65,17.6
21,4,B,772,840.63,56.81,4091.65,17.6
21,4,B,772,840.63,56.81,4091.65,17.6
21,4,C,791,840.63,56.81,4091.65,17.6
21,4,C,791,840.63,56.81,4091.65,17.6
22,1,A,811,808.25,64.21,5476.45,16.8
22,1,A,811,808.25,64.21,5476.45,16.8
22,1,B,776,808.25,64.21,5476.45,16.8
22,1,B,776,808.25,64.21,5476.45,16.8
22,1,C,779,808.25,64.21,5476.45,16.8
22,1,C,779,808.25,64.21,5476.45,16.8
22,2,A,811,808.25,64.21,5476.45,15.6
22,2,A,811,808.25,64.21,5476.45,15.6
22,2,A,811,808.25,64.21,5476.45,15.6
22,2,A,811,808.25,64.21,5476.45,15.6
22,2,B,776,808.25,64.21,5476.45,15.6
22,2,B,776,808.25,64.21,5476.45,15.6
22,2,B,776,808.25,64.21,5476.45,15.6
22,2,B,776,808.25,64.21,5476.45,15.6
22,2,B,776,808.25,64.21,5476.45,15.6
22,2,C,779,808.25,64.21,5476.45,15.6
22,2,C,779,808.25,64.21,5476.45,15.6
22,2,C,779,808.25,64.21,5476.45,15.6
22,2,C,779,808.25,64.21,5476.45,15.6
22,2,C,779,808.25,64.21,5476.45,15.6
22,2,C,779,808.25,64.21,5476.45,15.6
22,3,A,811,808.25,64.21,5476.45,17.8
22,3,A,811,808.25,64.21,5476.45,17.8
22,3,A,811,808.25,64.21,5476.45,17.8
22,3,B,776,808.25,64.21,5476.45,17.8
22,3,B,776,808.25,64.21,5476.45,17.8
22,3,B,776,808.25,64.21,5476.45,17.8
22,3,C,779,808.25,64.21,5476.45,17.8
22,3,C,779,808.25,64.21,5476.45,17.8
22,3,C,779,808.25,64.21,5476.45,17.8
22,3,C,779,808.25,64.21,5476.45,17.8
22,3,C,779,808.25,64.21,5476.45,17.8
22,4,A,811,808.25,64.21,5476.45,17.7
22,4,A,811,808.25,64.21,5476.45,17.7
22,4,B,776,808.25,64.21,5476.45,17.7
22,4,B,776,808.25,64.21,5476.45,17.7
22,4,C,779,808.25,64.21,5476.45,17.7
22,4,C,779,808.25,64.21,5476.45,17.7
22,4,C,779,808.25,64.21,5476.45,17.7
22,4,C,779,808.25,64.21,5476.45,17.7
23,1,A,725,757.95,41.08,3609.18,17.5
23,1,A,725,757.95,41.08,3609.18,17.5
23,1,A,725,757.95,41.08,3609.18,17.5
23,1,B,737,757.95,41.08,3609.18,17.5
23,1,B,737,757.95,41.08,3609.18,17.5
23,1,B,737,757.95,41.08,3609.18,17.5
23,1,B,737,757.95,41.08,3609.18,17.5
23,1,B,737,757.95,41.08,3609.18,17.5
23,1,C,753,757.95,41.08,3609.18,17.5
23,1,C,753,757.95,41.08,3609.18,17.5
23,1,C,753,757.95,41.08,3609.18,17.5
23,2,A,725,757.95,41.08,3609.18,19.6
23,2,B,737,757.95,41.08,3609.18,19.6
23,2,B,737,757.95,41.08,3609.18,19.6
23,2,C,753,757.95,41.08,3609.18,19.6
23,2,C,753,757.95,41.08,3609.18,19.6
23,3,A,725,757.95,41.08,3609.18,19.6
23,3,A,725,757.95,41.08,3609.18,19.6
23,3,B,737,757.95,41.08,3609.18,19.6
23,3,B,737,757.95,41.08,3609.18,19.6
23,3,B,737,757.95,41.08,3609.18,19.6
23,3,B,737,757.95,41.08,3609.18,19.6
23,3,C,753,757.95,41.08,3609.18,19.6
23,3,C,753,757.95,41.08,3609.18,19.6
23,3,C,753,757.95,41.08,3609.18,19.6
23,4,A,725,757.95,41.08,3609.18,20
23,4,A,725,757.95,41.08,3609.18,20
23,4,A,725,757.95,41.08,3609.18,20
23,4,A,725,757.95,41.08,3609.18,20
23,4,B,737,757.95,41.08,3609.18,20
23,4,B,737,757.95,41.08,3609.18,20
23,4,B,737,757.95,41.08,3609.18,20
23,4,B,737,757.95,41.08,3609.18,20
23,4,B,737,757.95,41.08,3609.18,20
23,4,B,737,757.95,41.08,3609.18,20
23,4,B,737,757.95,41.08,3609.18,20
23,4,C,753,757.95,41.08,3609.18,20
23,4,C,753,757.95,41.08,3609.18,20
23,4,C,753,757.95,41.08,3609.18,20
24,1,A,750,772.05,58.38,3686.61,17.6
24,1,A,750,772.05,58.38,3686.61,17.6
24,1,B,723,772.05,58.38,3686.61,17.6
24,1,B,723,772.05,58.38,3686.61,17.6
24,1,B,723,772.05,58.38,3686.61,17.6
24,1,B,723,772.05,58.38,3686.61,17.6
24,1,B,723,772.05,58.38,3686.61,17.6
24,1,C,712,772.05,58.38,3686.61,17.6
24,1,C,712,772.05,58.38,3686.61,17.6
24,1,C,712,772.05,58.38,3686.61,17.6
24,1,C,712,772.05,58.38,3686.61,17.6
24,2,A,750,772.05,58.38,3686.61,21.7
24,2,A,750,772.05,58.38,3686.61,21.7
24,2,B,723,772.05,58.38,3686.61,21.7
24,2,B,723,772.05,58.38,3686.61,21.7
24,2,B,723,772.05,58.38,3686.61,21.7
24,2,C,712,772.05,58.38,3686.61,21.7
24,2,C,712,772.05,58.38,3686.61,21.7
24,2,C,712,772.05,58.38,3686.61,21.7
24,2,C,712,772.05,58.38,3686.61,21.7
24,2,C,712,772.05,58.38,3686.61,21.7
24,3,A,750,772.05,58.38,3686.61,18.8
24,3,A,750,772.05,58.38,3686.61,18.8
24,3,A,750,772.05,58.38,3686.61,18.8
24,3,B,723,772.05,58.38,3686.61,18.8
24,3,B,723,772.05,58.38,3686.61,18.8
24,3,B,723,772.05,58.38,3686.61,18.8
24,3,B,723,772.05,58.38,3686.61,18.8
24,3,B,723,772.05,58.38,3686.61,18.8
24,3,C,712,772.05,58.38,3686.61,18.8
24,3,C,712,772.05,58.38,3686.61,18.8
24,3,C,712,772.05,58.38,3686.61,18.8
24,3,C,712,772.05,58.38,3686.61,18.8
24,3,C,712,772.05,58.38,3686.61,18.8
24,3,C,712,772.05,58.38,3686.61,18.8
24,4,A,750,772.05,58.38,3686.61,18.3
24,4,A,750,772.05,58.38,3686.61,18.3
24,4,B,723,772.05,58.38,3686.61,18.3
24,4,B,723,772.05,58.38,3686.61,18.3
24,4,B,723,772.05,58.38,3686.61,18.3
24,4,C,712,772.05,58.38,3686.61,18.3
24,4,C,712,772.05,58.38,3686.61,18.3
24,4,C,712,772.05,58.38,3686.61,18.3
24,4,C,712,772.05,58.38,3686.61,18.3
25,1,A,685,676.53,56.86,1892.57,23.4
25,1,B,596,676.53,56.86,1892.57,23.4
25,1,C,660,676.53,56.86,1892.57,23.4
25,2,A,685,676.53,56.86,1892.57,22.5
25,2,B,596,676.53,56.86,1892.57,22.5
25,2,C,660,676.53,56.86,1892.57,22.5
25,3,A,685,676.53,56.86,1892.57,22.5
25,3,B,596,676.53,56.86,1892.57,22.5
25,3,C,660,676.53,56.86,1892.57,22.5
25,4,A,685,676.53,56.86,1892.57,21.8
25,4,B,596,676.53,56.86,1892.57,21.8
25,4,C,660,676.53,56.86,1892.57,21.8
26,1,A,864,787.46,69.1,3916.5,24.4
26,1,A,864,787.46,69.1,3916.5,24.4
26,1,B,809,787.46,69.1,3916.5,24.4
26,1,C,862,787.46,69.1,3916.5,24.4
26,2,A,864,787.46,69.1,3916.5,21.9
26,2,B,809,787.46,69.1,3916.5,21.9
26,2,B,809,787.46,69.1,3916.5,21.9
26,2,C,862,787.46,69.1,3916.5,21.9
26,2,C,862,787.46,69.1,3916.5,21.9
26,3,A,864,787.46,69.1,3916.5,21
26,3,B,809,787.46,69.1,3916.5,21
26,3,B,809,787.46,69.1,3916.5,21
26,3,C,862,787.46,69.1,3916.5,21
26,4,A,864,787.46,69.1,3916.5,22.3
26,4,B,809,787.46,69.1,3916.5,22.3
26,4,C,862,787.46,69.1,3916.5,22.3
27,1,C,785,834.39,82.22,4724.29,20.2
27,2,A,775,834.39,82.22,4724.29,20.8
27,2,A,775,834.39,82.22,4724.29,20.8
27,2,B,771,834.39,82.22,4724.29,20.8
27,2,B,771,834.39,82.22,4724.29,20.8
27,2,C,785,834.39,82.22,4724.29,20.8
27,2,C,785,834.39,82.22,4724.29,20.8
27,2,C,785,834.39,82.22,4724.29,20.8
27,3,B,771,834.39,82.22,4724.29,22.3
27,3,B,771,834.39,82.22,4724.29,22.3
27,3,B,771,834.39,82.22,4724.29,22.3
27,3,C,785,834.39,82.22,4724.29,22.3
27,3,C,785,834.39,82.22,4724.29,22.3
27,4,A,775,834.39,82.22,4724.29,
27,4,B,771,834.39,82.22,4724.29,
27,4,B,771,834.39,82.22,4724.29,
27,4,C,785,834.39,82.22,4724.29,
29,1,C,758,824.75,58.96,4896.06,25
29,2,C,758,824.75,58.96,4896.06,24.6
30,1,B,849,766.51,56.82,3558.85,23.7
30,1,C,851,766.51,56.82,3558.85,23.7
