Array,Listening post,Listening post ID,Easting,Northing,Elevation(m),repeat,Date,Groups,Group ID,time start male,timestart  female,time end,bearing,distance (m),NOTE: yellow highlight=no female heard,,,
1,A,1A1,532222,1982297,762,1,10/11/2013,1,108,5:44:00,5:44:00,6:04,152,2000,nr=not recorded i.e. heard but timing not recorded,,,
1,A,1A1,532222,1982297,762,1,10/11/2013,2,115,6:00:00,6:00:00,6:15,184,1000,,,,
1,A,1A1,532222,1982297,762,1,10/11/2013,3,122,6:16:00,6:16:00,6:45,105,1000,,,,
1,B,1B1,532571,1982716,771,1,10/11/2013,1,,5:59:00,,,80,2500,,,,
1,B,1B1,532571,1982716,771,1,10/11/2013,2,,6:23:00,,,280,2000,,,,
1,C,1C1,532800,1983215,887,1,10/11/2013,1,,5:56:00,,7:28,115,2500,,,,
1,C,1C1,532800,1983215,887,1,10/11/2013,2,118,5:58:00,6:01:00,,48,2500,,,,
1,C,1C1,532800,1983215,887,1,10/11/2013,3,123,6:15:00,6:18:00,,325,2100,,,,
1,A,1A2,532222,1982297,762,2,11/11/2013,1,115,5:54:00,5:55:00,5:56,193,1600,,,,
1,A,1A2,532222,1982297,762,2,11/11/2013,2,123,6:16:00,6:20:00,6:20,2,800,,,,
1,A,1A2,532222,1982297,762,2,11/11/2013,3,120,6:18:00,6:18:00,6:27,218,1200,,,,
1,B,1B2,532571,1982716,771,2,11/11/2013,1,,5:55:00,,6:01,50,2500,,,,
1,B,1B2,532571,1982716,771,2,11/11/2013,2,123,5:59:00,6:00:00,6:07,333,1500,,,,
1,B,1B2,532571,1982716,771,2,11/11/2013,3,121,6:02:00,6:03:00,6:08,290,1000,,,,
1,B,1B2,532571,1982716,771,2,11/11/2013,4,,6:06:00,,6:09,136,1000,,,,
1,B,1B2,532571,1982716,771,2,11/11/2013,5,114,6:11:00,6:10:00,6:19,80,2000,,,,
1,C,1C2,532800,1983215,887,2,11/11/2013,1,119,5:50:00,5:52:00,7:03,60,200,,,,
1,C,1C2,532800,1983215,887,2,11/11/2013,2,117,5:53:00,5:54:00,6:06,24,150,,,,
1,C,1C2,532800,1983215,887,2,11/11/2013,3,122,6:00:00,6:02:00,6:09,180,1500,,,,
1,C,1C2,532800,1983215,887,2,11/11/2013,4,123,6:12:00,6:13:00,6:20,280,1000,,,,
1,A,1A3,532222,1982297,762,3,12/11/2013,1,110,6:00:00,6:00:00,6:30,126,1800,,,,
1,A,1A3,532222,1982297,762,3,12/11/2013,2,119,6:06:00,6:07:00,6:25,54,600,,,,
1,B,1B3,532571,1982716,771,3,12/11/2013,1,,5:22:00,,5:44,89,3000,,,,
1,B,1B3,532571,1982716,771,3,12/11/2013,2,106,5:45:00,5:46:00,5:51,176,2500,,,,
1,B,1B3,532571,1982716,771,3,12/11/2013,3,117,5:55:00,6:01:00,6:11,26,1500,,,,
1,B,1B3,532571,1982716,771,3,12/11/2013,4,115,6:05:00,6:06:00,6:12,187,1000,,,,
1,B,1B3,532571,1982716,771,3,12/11/2013,5,122,6:14:00,6:17:00,6:25,148,800,,,,
1,C,1C3,532800,1983215,887,3,12/11/2013,1,122,5:53:00,5:54:00,6:02,170,1500,,,,
1,C,1C3,532800,1983215,887,3,12/11/2013,2,118,5:57:00,5:58:00,6:11,50,1500,,,,
1,C,1C3,532800,1983215,887,3,12/11/2013,3,119,6:05:00,6:07:00,6:26,192,150,,,,
1,A,1A4,532222,1982297,762,4,13/11/2013,1,115,5:52:00,5:53:00,6:12,186,800,,,,
1,A,1A4,532222,1982297,762,4,13/11/2013,2,121,5:59:00,5:59:00,6:15,288,600,,,,
1,A,1A4,532222,1982297,762,4,13/11/2013,3,123,nr,6:02:00,6:25,6,1200,,,,
1,A,1A4,532222,1982297,762,4,13/11/2013,4,111,nr,6:13:00,6:32,96,1500,,,,
1,B,1B4,532571,1982716,771,4,13/11/2013,1,110,5:53:00,5:55:25,6:07,159,1500,,,,
1,B,1B4,532571,1982716,771,4,13/11/2013,2,124,6:09:00,6:09:58,6:22,77,800,,,,
1,B,1B4,532571,1982716,771,4,13/11/2013,3,unident,6:12:00,6:12:45,6:18,131,2500,,,,
1,C,1C4,532800,1983215,887,4,13/11/2013,1,117,5:59:00,6:01:00,6:10,371,500,,,,
1,C,1C4,532800,1983215,887,4,13/11/2013,2,123,6:09:00,6:11:00,6:29,305,600,,,,
1,C,1C4,532800,1983215,887,4,13/11/2013,3,119,6:11:00,6:01:00,6:14,78,200,,,,
2,A,2A1,533651,1981096,844,1,14/11/2013,1,,5:52:00,,6:30,235,2000,,,,
2,A,2A1,533651,1981096,844,1,14/11/2013,2,,6:28:00,,6:42,280,1500,,,,
2,B,2B1,533844,1981541,800,1,14/11/2013,1,109,5:52:00,5:53:00,6:25,82,1500,,,,
2,C,2C1,534158,1981838,765,1,14/11/2013,1,114,5:43:30,5:46:48,6:05,40,1500,,,,
2,C,2C1,534158,1981838,765,1,14/11/2013,2,unident,5:46:31,5:49:33,6:08,105,1000,,,,
2,C,2C1,534158,1981838,765,1,14/11/2013,3,113,5:53:16,5:54:38,6:02,60,1000,,,,
2,C,2C1,534158,1981838,765,1,14/11/2013,4,109,6:08:39,6:10:58,6:15,95,1000,,,,
2,A,2A2,533651,1981096,844,2,15/11/2013,1,116,5:59:00,6:01:00,6:22,60,1000,,,,
2,A,2A2,533651,1981096,844,2,15/11/2013,2,,6:19:00,,6:35,310,1500,,,,
2,B,2B2,533844,1981541,800,2,15/11/2013,1,115,5:53:13,5:53:33,6:05,278,1400,,,,
2,B,2B2,533844,1981541,800,2,15/11/2013,2,116,5:58:30,5:58:47,6:16,50,500,,,,
2,B,2B2,533844,1981541,800,2,15/11/2013,3,124,6:01:59,6:02:24,6:30,334,1200,,,,
2,B,2B2,533844,1981541,800,2,15/11/2013,4,122,6:14:44,6:14:49,6:49,302,1000,,,,
2,C,2C2,534158,1981838,765,2,15/11/2013,1,116,5:56:50,6:00:41,6:13,120,300,,,,
2,C,2C2,534158,1981838,765,2,15/11/2013,2,118,5:57:18,5:57:19,6:09,350,2000,,,,
2,C,2C2,534158,1981838,765,2,15/11/2013,3,122,6:02:23,6:04:42,6:14,73,2000,,,,
2,C,2C2,534158,1981838,765,2,15/11/2013,4,114,6:04:48,6:07:38,6:21,36,1500,,,,
2,C,2C2,534158,1981838,765,2,15/11/2013,5,113,6:11:58,6:12:53,6:19,56,1800,,,,
2,A,2A3,533651,1981096,844,3,16/11/2013,1,,6:38:00,,5:50,50,1500,,,,
2,A,2A3,533651,1981096,844,3,16/11/2013,2,,6:54:00,,,10,1000,,,,
2,B,2B3,533844,1981541,800,3,16/11/2013,1,109,6:04:15,6:08:18,6:24,96,1500,,,,
2,B,2B3,533844,1981541,800,3,16/11/2013,2,116,6:37:52,6:37:56,6:57,68,500,,,,
2,B,2B3,533844,1981541,800,3,16/11/2013,3,111,6:54:09,6:54:20,7:10,38,400,,,,
2,C,2C3,534158,1981838,765,3,16/11/2013,1,,6:32:40,,6:38,30,2000,,,,
2,C,2C3,534158,1981838,765,3,16/11/2013,2,116,6:37:05,6:38:20,6:44,105,200,,,,
2,C,2C3,534158,1981838,765,3,16/11/2013,3,112,6:43:00,6:43:00,7:00,70,2000,,,,
2,C,2C3,534158,1981838,765,3,16/11/2013,4,111,6:53:02,6:54:57,6:58,290,100,,,,
2,A,2A4,533651,1981096,844,4,17/11/2013,1,116,5:57:00,5:59:00,6:21,62,1500,,,,
2,A,2A4,533651,1981096,844,4,17/11/2013,2,110,6:03:00,6:07:00,6:24,12,200,,,,
2,A,2A4,533651,1981096,844,4,17/11/2013,3,110,6:10:00,6:17:00,6:31,340,500,,,,
2,B,2B4,533844,1981541,800,4,17/11/2013,1,112,5:54:24,5:54:29,6:05,66,1500,,,,
2,B,2B4,533844,1981541,800,4,17/11/2013,2,111,5:59:52,5:59:54,6:12,22,600,,,,
2,B,2B4,533844,1981541,800,4,17/11/2013,3,111,6:06:40,6:03:42,6:20,8,400,,,,
2,B,2B4,533844,1981541,800,4,17/11/2013,4,110,6:08:53,6:08:55,6:25,290,200,,,,
2,C,2C4,534158,1981838,765,4,17/11/2013,1,,5:48:01,,6:01,293,1500,,,,
2,C,2C4,534158,1981838,765,4,17/11/2013,2,112,5:53:14,5:54:07,6:02,78,1500,,,,
2,C,2C4,534158,1981838,765,4,17/11/2013,3,119,5:55:39,5:56:06,6:08,94,2000,,,,
2,C,2C4,534158,1981838,765,4,17/11/2013,4,113,5:57:31,5:58:26,6:05,52,2500,,,,
2,C,2C4,534158,1981838,765,4,17/11/2013,5,118,5:59:16,6:00:19,6:12,4,3000,,,,
2,C,2C4,534158,1981838,765,4,17/11/2013,6,116,6:06:39,6:12:05,6:14,106,1000,,,,
2,C,2C4,534158,1981838,765,4,17/11/2013,7,110,6:14:59,6:15:26,6:20,224,1200,,,,
3,A,3A1,531669,1980462,709,1,18/11/2013,1,73,6:00:14,6:01:13,6:13,130,1000,,,,
3,A,3A1,531669,1980462,709,1,18/11/2013,2,108,6:08:56,6:09:07,6:22,73,800,,,,
3,A,3A1,531669,1980462,709,1,18/11/2013,3,71,6:11:18,6:11:20,6:33,148,1200,,,,
3,B,3B1,531820,1980973,708,1,18/11/2013,1,,6:02:27,,6:10,130,3000,,,,
3,B,3B1,531820,1980973,708,1,18/11/2013,2,110,6:06:43,6:07:14,6:20,74,1500,,,,
3,B,3B1,531820,1980973,708,1,18/11/2013,3,121,6:09:13,6:10:47,6:30,354,1500,,,,
3,C,3C1,532231,1981301,726,1,18/11/2013,1,110,6:07:00,6:08:00,6:21,76,1000,,,,
3,C,3C1,532231,1981301,726,1,18/11/2013,2,108,6:09:00,6:10:00,6:30,110,800,,,,
3,A,3A2,531669,1980462,709,2,19/11/2013,1,78,5:57:39,5:57:40,6:11,172,1500,,,,
3,A,3A2,531669,1980462,709,2,19/11/2013,2,120,6:00:12,6:00:14,6:18,352,700,,,,
3,A,3A2,531669,1980462,709,2,19/11/2013,3,108,6:03:45,6:03:47,6:28,58,900,,,,
3,A,3A2,531669,1980462,709,2,19/11/2013,4,115,6:30:04,6:03:43,,24,1200,,,,
3,A,3A2,531669,1980462,709,2,19/11/2013,5,11,6:34:49,6:34:31,6:55,172,300,,,,
3,A,3A2,531669,1980462,709,2,19/11/2013,6,107,6:58:38,6:58:42,7:07,256,1000,,,,
3,B,3B2,531820,1980973,708,2,19/11/2013,1,121,5:56:03,5:56:27,6:00,355,2000,,,,
3,B,3B2,531820,1980973,708,2,19/11/2013,2,,6:02:00,,6:03,40,2000,,,,
3,B,3B2,531820,1980973,708,2,19/11/2013,3,120,6:04:00,6:04:10,6:19,340,1000,,,,
3,B,3B2,531820,1980973,708,2,19/11/2013,4,,6:10:00,,6:12,70,1500,,,,
3,B,3B2,531820,1980973,708,2,19/11/2013,5,107,6:35:00,6:35:30,6:49,240,1500,,,,
3,C,3C2,532231,1981301,726,2,19/11/2013,1,108,5:59:35,6:01:19,6:18,131,1000,,,,
3,C,3C2,532231,1981301,726,2,19/11/2013,2,120,6:03:19,6:05:11,6:15,310,2000,,,,
3,C,3C2,532231,1981301,726,2,19/11/2013,3,110,6:09:36,6:07:35,6:12,77,1500,,,,
3,C,3C2,532231,1981301,726,2,19/11/2013,4,110,6:09:12,6:10:15,6:21,74,1000,,,,
3,C,3C2,532231,1981301,726,2,19/11/2013,5,107,6:35:39,6:37:35,6:49,240,1700,,,,
3,A,3A3,531669,1980462,709,3,20/11/2013,1,108,5:55:12,5:55:15,6:10,60,1400,,,,
3,A,3A3,531669,1980462,709,3,20/11/2013,2,106,6:08:14,6:08:16,6:13,78,1200,,,,
3,A,3A3,531669,1980462,709,3,20/11/2013,3,107,6:27:28,6:27:28,6:37,244,500,,,,
3,B,3B3,531820,1980973,708,3,20/11/2013,1,108,5:54:35,5:55:55,6:10,80,2000,,,,
3,C,3C3,532231,1981301,726,3,20/11/2013,1,108,5:55:33,5:56:13,6:17,104,1000,,,,
3,A,3A4,531669,1980462,709,4,21/11/2013,1,106,5:57:49,5:57:51,6:20,98,1000,,,,
3,A,3A4,531669,1980462,709,4,21/11/2013,2,117,6:05:15,6:06:11,6:14,252,1500,,,,
3,A,3A4,531669,1980462,709,4,21/11/2013,3,108,6:10:52,6:10:57,6:16,58,1200,,,,
3,A,3A4,531669,1980462,709,4,21/11/2013,4,115,6:15:31,6:15:33,6:24,22,1200,,,,
3,A,3A4,531669,1980462,709,4,21/11/2013,5,11,6:44:09,6:44:11,6:54,136,400,,,,
3,B,3B4,531820,1980973,708,4,21/11/2013,1,108,5:57:10,5:59:09,6:21,92,3000,,,,
3,B,3B4,531820,1980973,708,4,21/11/2013,2,115,6:10:57,6:11:17,6:28,52,2000,,,,
3,C,3C4,532231,1981301,726,4,21/11/2013,1,108,6:01:10,6:04:28,6:13,130,1000,,,,
3,C,3C4,532231,1981301,726,4,21/11/2013,2,111,6:03:51,6:05:03,6:18,70,1500,,,,
3,C,3C4,532231,1981301,726,4,21/11/2013,3,115,6:12:23,6:11:44,6:22,45,600,,,,
3,C,3C4,532231,1981301,726,4,21/11/2013,4,,6:51:38,,6:57,200,1500,,,,
4,A,4A1,529902,1980853,855,1,22/11/2013,1,105,6:04:10,6:04:48,6:30,65,200,,,,
4,B,4B1,530000,1981381,987,1,22/11/2013,1,,5:55:12,5:55:40,6:05,133,3000,,,,
4,B,4B1,530000,1981381,987,1,22/11/2013,2,105,6:04:50,6:03:53,6:26,128,300,,,,
4,C,4C1,530400,1981801,1035,1,22/11/2013,1,105,6:02:11,6:09:08,6:28,200,1500,,,,
4,A,4A2,529902,1980853,855,2,23/11/2013,0,,,,,,,,,,
4,B,4B2,530000,1981381,987,2,23/11/2013,1,78,5:55:00,5:55:30,6:10,138,3000,,,,
4,C,4C2,530400,1981801,1035,2,23/11/2013,0,,,,,,,,,,
4,A,4A3,529902,1980853,855,3,24/11/2013,1,104,6:22:19,6:28:30,6:49,358,700,,,,
4,B,4B3,530000,1981381,987,3,24/11/2013,1,73,6:11:05,6:13:48,6:22,118,3000,,,,
4,B,4B3,530000,1981381,987,3,24/11/2013,2,104,6:18:16,6:22:21,6:45,354,400,,,,
4,C,4C3,530400,1981801,1035,3,24/11/2013,1,121,nr,6:05:40,6:12,62,1000,,,,
4,C,4C3,530400,1981801,1035,3,24/11/2013,2,120,6:21:53,6:21:34,6:26,100,1500,,,,
4,C,4C3,530400,1981801,1035,3,24/11/2013,3,104,6:22:19,6:24:10,6:48,330,500,,,,
4,A,4A4,529902,1980853,855,4,25/11/2013,0,,,,,,,,,,
4,B,4B4,530000,1981381,987,4,25/11/2013,1,78,6:13:14,6:15:22,6:30,136,3000,,,,
4,B,4B4,530000,1981381,987,4,25/11/2013,2,106,6:20:32,6:20:38,6:25,111,2500,,,,
4,B,4B4,530000,1981381,987,4,25/11/2013,3,107,6:38:30,6:39:22,6:50,128,1500,,,,
4,C,4C4,530400,1981801,1035,4,25/11/2013,0,,,,,,,,,,
5,A,5A1,528280,1980346,885,1,26/11/2013,1,85,5:58:59,5:59:12,6:08,183,1000,,,,
5,A,5A1,528280,1980346,885,1,26/11/2013,2,102,6:01:21,6:02:02,6:15,78,800,,,,
5,A,5A1,528280,1980346,885,1,26/11/2013,3,unident,6:06:10,6:06:20,6:22,96,800,,,,
5,A,5A1,528280,1980346,885,1,26/11/2013,4,99,6:22:13,6:26:13,6:39,14,500,,,,
5,A,5A1,528280,1980346,885,1,26/11/2013,5,98,6:44:22,6:44:30,7:03,104,800,,,,
5,B,5B1,528220,1981038,945,1,26/11/2013,1,102,6:01:48,6:02:08,6:09,120,1000,,,,
5,B,5B1,528220,1981038,945,1,26/11/2013,2,98,6:08:12,6:09:48,6:13,150,1500,,,,
5,B,5B1,528220,1981038,945,1,26/11/2013,3,99,6:25:05,6:26:17,6:38,70,560,,,,
5,B,5B1,528220,1981038,945,1,26/11/2013,4,103,6:44:02,6:45:50,7:08,330,800,,,,
5,B,5B1,528220,1981038,945,1,26/11/2013,5,97,6:56:33,6:58:33,7:04,80,600,,,,
5,C,5C1,528270,1981351,1002,1,26/11/2013,1,98,5:58:21,6:01:29,6:20,150,2000,,,,
5,C,5C1,528270,1981351,1002,1,26/11/2013,2,102,6:02:55,6:03:55,6:13,136,1000,,,,
5,C,5C1,528270,1981351,1002,1,26/11/2013,3,99,6:22:33,6:25:57,6:37,103,200,,,,
5,C,5C1,528270,1981351,1002,1,26/11/2013,4,103,6:42:51,6:47:10,7:06,285,100,,,,
5,C,5C1,528270,1981351,1002,1,26/11/2013,5,85,6:49:20,6:54:29,6:58,180,2000,,,,
5,C,5C1,528270,1981351,1002,1,26/11/2013,6,150,7:10:25,7:15:35,7:16,126,2000,,,,
5,A,5A2,528280,1980346,885,2,27/11/2013,1,97,5:55:30,5:55:40,6:06,45,1000,,,,
5,A,5A2,528280,1980346,885,2,27/11/2013,2,156,5:59:51,6:00:24,6:07,16,1000,,,,
5,A,5A2,528280,1980346,885,2,27/11/2013,3,99,6:04:31,6:06:10,6:24,12,700,,,,
5,A,5A2,528280,1980346,885,2,27/11/2013,4,150,6:16:38,6:17:25,6:29,86,1200,,,,
5,A,5A2,528280,1980346,885,2,27/11/2013,5,100,6:20:10,6:20:22,6:44,42,300,,,,
5,A,5A2,528280,1980346,885,2,27/11/2013,6,83,6:32:13,6:32:34,6:51,158,1100,,,,
5,B,5B2,528220,1981038,945,2,27/11/2013,1,102,6:04:56,6:06:15,6:22,130,1000,,,,
5,B,5B2,528220,1981038,945,2,27/11/2013,2,100,6:15:53,6:18:53,6:35,106,700,,,,
5,B,5B2,528220,1981038,945,2,27/11/2013,3,99,6:28:13,6:32:20,6:43,108,50,,,,
5,C,5C2,528270,1981351,1002,2,27/11/2013,1,150,6:03:06,6:03:46,6:19,130,1500,,,,
5,C,5C2,528270,1981351,1002,2,27/11/2013,2,100,6:18:43,6:22:05,6:25,150,600,,,,
5,C,5C2,528270,1981351,1002,2,27/11/2013,3,2,6:23:33,6:23:34,6:34,80,800,,,,
5,C,5C2,528270,1981351,1002,2,27/11/2013,4,99,6:27:09,6:31:04,6:41,154,300,,,,
5,C,5C2,528270,1981351,1002,2,27/11/2013,5,156,nr,6:32:51,6:41,80,200,,,,
5,A,5A3,528280,1980346,885,3,28/11/2013,1,102,6:14:13,6:15:23,6:31,82,1200,,,,
5,A,5A3,528280,1980346,885,3,28/11/2013,2,99,6:28:30,6:28:38,6:43,18,200,,,,
5,B,5B3,528220,1981038,945,3,28/11/2013,1,102,6:16:46,6:18:42,6:28,140,1200,,,,
5,B,5B3,528220,1981038,945,3,28/11/2013,2,99,6:19:43,6:20:31,6:43,80,200,,,,
5,C,5C3,528270,1981351,1002,3,28/11/2013,1,102,6:13:07,6:16:09,6:24,138,1500,,,,
5,C,5C3,528270,1981351,1002,3,28/11/2013,2,2,6:19:51,6:26:54,6:28,52,1000,,,,
5,C,5C3,528270,1981351,1002,3,28/11/2013,3,99,6:21:56,6:27:07,6:38,90,60,,,,
5,C,5C3,528270,1981351,1002,3,28/11/2013,4,unident,6:24:53,6:37:05,6:36,262,1500,,,,
5,C,5C3,528270,1981351,1002,3,28/11/2013,5,103,6:37:58,6:38:44,6:48,339,1000,,,,
5,A,5A4,528280,1980346,885,4,29/11/2013,1,150,6:16:48,6:18:47,6:36,100,1500,,,,
5,A,5A4,528280,1980346,885,4,29/11/2013,2,101,6:27:08,6:28:25,6:51,108,2000,,,,
5,A,5A4,528280,1980346,885,4,29/11/2013,3,100,6:48:46,6:49:34,6:50,24,800,,,,
5,B,5B4,528220,1981038,945,4,29/11/2013,1,98,6:15:43,6:16:32,6:25,146,1300,,,,
5,B,5B4,528220,1981038,945,4,29/11/2013,2,97,6:14:05,6:18:16,6:30,80,800,,,,
5,B,5B4,528220,1981038,945,4,29/11/2013,3,102,6:28:33,6:28:46,6:40,122,1000,,,,
5,B,5B4,528220,1981038,945,4,29/11/2013,4,83,6:37:03,6:37:18,6:49,178,1000,,,,
5,B,5B4,528220,1981038,945,4,29/11/2013,5,2,6:48:03,6:48:15,7:02,47,1200,,,,
5,C,5C4,528270,1981351,1002,4,29/11/2013,1,98,6:09:38,6:16:10,6:25,154,2000,,,,
5,C,5C4,528270,1981351,1002,4,29/11/2013,2,97,6:14:59,6:18:24,6:32,105,800,,,,
5,C,5C4,528270,1981351,1002,4,29/11/2013,3,102,6:26:28,6:27:42,6:40,133,800,,,,
5,C,5C4,528270,1981351,1002,4,29/11/2013,4,99,6:33:17,6:34:50,6:44,144,500,,,,
5,C,5C4,528270,1981351,1002,4,29/11/2013,5,100,6:39:20,6:40:38,6:49,170,500,,,,
5,C,5C4,528270,1981351,1002,4,29/11/2013,6,156,6:42:55,6:46:35,7:05,34,150,,,,
5,C,5C4,528270,1981351,1002,4,29/11/2013,7,103,6:48:33,6:49:37,7:00,310,800,,,,
6,A,6A1,526155,1980200,803,1,30/11/2013,1,96,6:14:38,6:25:08,6:35,340,40,,,,
6,A,6A1,526155,1980200,803,1,30/11/2013,2,92,7:31:22,7:38:56,,20,600,,,,
6,B,6B1,526378,1980559,776,1,30/11/2013,1,96,6:14:29,6:24:09,6:32,208,300,,,,
6,B,6B1,526378,1980559,776,1,30/11/2013,2,95,6:33:09,6:35:57,6:46,163,1500,,,,
6,B,6B1,526378,1980559,776,1,30/11/2013,3,89,7:30:22,7:30:52,7:40,186,500,,,,
6,B,6B1,526378,1980559,776,1,30/11/2013,4,93,7:38:39,7:40:08,7:51,84,500,,,,
6,C,6C1,526383,1981186,822,1,30/11/2013,1,96,6:14:10,6:25:14,6:33,200,800,,,,
6,A,6A2,526155,1980200,803,2,01/12/2013,1,88,6:03:23,6:05:41,6:15,143,800,,,,
6,A,6A2,526155,1980200,803,2,01/12/2013,2,95,6:09:34,6:10:36,6:25,110,600,,,,
6,A,6A2,526155,1980200,803,2,01/12/2013,3,96,6:31:32,6:33:24,6:38,305,1000,,,,
6,A,6A2,526155,1980200,803,2,01/12/2013,4,86,6:44:33,6:46:30,6:52,210,1500,,,,
6,B,6B2,526378,1980559,776,2,01/12/2013,1,95,6:02:12,6:04:21,6:20,168,500,,,,
6,B,6B2,526378,1980559,776,2,01/12/2013,2,,6:07:49,,6:23,194,300,,,,
6,C,6C2,526383,1981186,822,2,01/12/2013,1,93,5:58:53,6:06:27,6:20,166,600,,,,
6,C,6C2,526383,1981186,822,2,01/12/2013,2,95,6:07:27,6:10:08,6:23,170,400,,,,
6,C,6C2,526383,1981186,822,2,01/12/2013,3,,6:28:46,,6:40,216,2000,,,,
6,A,6A3,526155,1980200,803,3,02/12/2013,1,95,6:18:32,6:24:14,6:40,136,700,,,,
6,A,6A3,526155,1980200,803,3,02/12/2013,2,89,6:41:48,6:43:44,6:48,190,1000,,,,
6,A,6A3,526155,1980200,803,3,02/12/2013,3,93,6:44:09,6:47:17,6:59,80,900,,,,
6,A,6A3,526155,1980200,803,3,02/12/2013,4,92,6:55:55,6:56:56,7:21,340,500,,,,
6,B,6B3,526378,1980559,776,3,02/12/2013,1,95,6:18:22,6:25:34,6:38,154,300,,,,
6,B,6B3,526378,1980559,776,3,02/12/2013,2,91,6:38:25,6:42:11,6:54,52,800,,,,
6,B,6B3,526378,1980559,776,3,02/12/2013,3,92,6:54:59,6:55:09,7:08,338,400,,,,
6,C,6C3,526383,1981186,822,3,02/12/2013,1,100,6:06:55,6:10:30,6:20,100,2500,,,,
6,C,6C3,526383,1981186,822,3,02/12/2013,2,95,6:18:06,6:25:19,6:35,170,400,,,,
6,C,6C3,526383,1981186,822,3,02/12/2013,3,,6:37:46,,6:43,58,600,,,,
6,C,6C3,526383,1981186,822,3,02/12/2013,4,91,6:42:25,6:41:54,6:54,74,800,,,,
6,C,6C3,526383,1981186,822,3,02/12/2013,5,92,6:52:57,6:54:20,7:07,238,300,,,,
6,A,6A4,526155,1980200,803,4,03/12/2013,1,96,6:23:24,6:26:20,6:38,320,600,,,,
6,A,6A4,526155,1980200,803,4,03/12/2013,2,84,6:50:30,6:52:42,6:52,110,1500,,,,
6,B,6B4,526378,1980559,776,4,03/12/2013,1,93,6:10:03,6:14:26,6:30,130,900,,,,
6,B,6B4,526378,1980559,776,4,03/12/2013,2,96,6:26:30,6:28:13,6:46,240,200,,,,
6,B,6B4,526378,1980559,776,4,03/12/2013,3,91,6:28:58,6:30:19,6:36,70,700,,,,
6,B,6B4,526378,1980559,776,4,03/12/2013,4,84,6:46:05,6:48:20,6:52,118,1500,,,,
6,B,6B4,526378,1980559,776,4,03/12/2013,5,95,7:18:40,7:23:36,7:43,146,500,,,,
6,C,6C4,526383,1981186,822,4,03/12/2013,1,100,nr,6:13:26,6:20,104,2000,,,,
6,C,6C4,526383,1981186,822,4,03/12/2013,2,9,6:17:00,6:18:17,6:30,306,1500,,,,
6,C,6C4,526383,1981186,822,4,03/12/2013,3,92,6:22:00,6:28:50,6:36,206,300,,,,
6,C,6C4,526383,1981186,822,4,03/12/2013,4,95,6:37:00,6:40:00,6:44,160,1500,,,,
6,C,6C4,526383,1981186,822,4,03/12/2013,5,96,nr,6:39:00,6:51,204,1000,,,,
6,C,6C4,526383,1981186,822,4,03/12/2013,6,99,6:42:00,6:54:00,7:00,92,2000,,,,
6,C,6C4,526383,1981186,822,4,03/12/2013,7,,6:56:47,,7:15,224,800,,,,
6,C,6C4,526383,1981186,822,4,03/12/2013,8,93,7:16:00,7:23:50,7:40,144,600,,,,
7,A,7A1,525748,1979046,809,1,19/12/2013,1,147,6:37:52,6:38:04,6:56,178,120,,,,
7,A,7A1,525748,1979046,809,1,19/12/2013,2,,6:57:28,,7:06,210,1100,,,,
7,A,7A1,525748,1979046,809,1,19/12/2013,3,94,6:58:39,07:00:43,7:17,340,800,,,,
7,A,7A1,525748,1979046,809,1,19/12/2013,4,95,07:17:33,07:18:09,7:38,50,900,,,,
7,B,7B1,526053,1979421,818,1,19/12/2013,1,147,06:45:58,06:47:59,6:54,164,400,,,,
7,B,7B1,526053,1979421,818,1,19/12/2013,2,96,06:55:41,06:57:52,7:08,2,800,,,,
7,B,7B1,526053,1979421,818,1,19/12/2013,3,95,07:14:25,07:18:56,7:37,78,1000,,,,
7,C,7C1,526450,1979749,723,1,19/12/2013,1,96,06:58:30,07:02:35,7:15,0,650,,,,
7,C,7C1,526450,1979749,723,1,19/12/2013,2,95,07:17,07:20:05,7:42,64,400,,,,
7,A,7A2,525748,1979046,809,2,20/12/2013,1,89,06:20:13,06:24:36,6:39,110,300,,,,
7,A,7A2,525748,1979046,809,2,20/12/2013,2,88,07:00:22,07:15:25,7:19,13,900,,,,
7,B,7B2,526053,1979421,818,2,20/12/2013,1,89,06:20:55,06:23:20,6:36,130,300,,,,
7,B,7B2,526053,1979421,818,2,20/12/2013,2,88,07:03:45,07:03:48,7:10,348,500,,,,
7,C,7C2,526450,1979749,723,2,20/12/2013,1,88,6:22:20,6:24:40,7:17,160,520,,,,
7,A,7A3,525748,1979046,809,3,21/12/2013,1,147,6:13:27,6:20:13,6:35,210,600,,,,
7,A,7A3,525748,1979046,809,3,21/12/2013,2,87,6:32:18,6:27:15,6:39,140,480,,,,
7,A,7A3,525748,1979046,809,3,21/12/2013,3,86,6:41:25,6:46:28,6:57,258,900,,,,
7,A,7A3,525748,1979046,809,3,21/12/2013,4,88,6:55:37,6:58:13,7:30,67,600,,,,
7,B,7B3,526053,1979421,818,3,21/12/2013,1,147,6:11:47,6:19:19,6:35,106,300,,,,
7,B,7B3,526053,1979421,818,3,21/12/2013,2,96,6:26:26,6:28:40,6:40,3,800,,,,
7,B,7B3,526053,1979421,818,3,21/12/2013,3,95,6:37:26,6:42:25,6:48,12,300,,,,
7,B,7B3,526053,1979421,818,3,21/12/2013,4,88,6:39:44,6:41:20,6:51,317,1000,,,,
7,B,7B3,526053,1979421,818,3,21/12/2013,5,89,6:58:00,6:55:53,7:10,51,2000,,,,
7,B,7B3,526053,1979421,818,3,21/12/2013,6,94,7:09:34,7:12:15,7:11,164,400,,,,
7,B,7B3,526053,1979421,818,3,21/12/2013,7,93,7:58:22,8:02:35,8:09,78,800,,,,
7,C,7C3,526450,1979749,723,3,21/12/2013,1,96,6:14:00,6:18:55,6:31,100,600,,,,
7,C,7C3,526450,1979749,723,3,21/12/2013,2,95,6:45:40,6:55:30,7:20,330,820,,,,
7,C,7C3,526450,1979749,723,3,21/12/2013,3,93,7:48:20,7:55:40,7:10,48,700,,,,
7,A,7A4,525748,1979046,809,4,22/12/2013,1,,6:20:47,,6:30,114,800,,,,
7,A,7A4,525748,1979046,809,4,22/12/2013,2,89,6:25:05,6:27:29,6:45,13,900,,,,
7,A,7A4,525748,1979046,809,4,22/12/2013,3,146,6:31:13,6:35:06,6:50,178,1100,,,,
7,A,7A4,525748,1979046,809,4,22/12/2013,4,147,6:43:11,6:48:18,6:58,116,700,,,,
7,A,7A4,525748,1979046,809,4,22/12/2013,5,95,6:47:47,6:53:51,7:04,60,800,,,,
7,A,7A4,525748,1979046,809,4,22/12/2013,6,88,6:54:06,6:55:53,7:12,74,700,,,,
7,B,7B4,526053,1979421,818,4,22/12/2013,1,,6:18:27,,6:41,355,400,,,,
7,B,7B4,526053,1979421,818,4,22/12/2013,2,94,6:29:42,6:29:56,6:30,280,1000,,,,
7,B,7B4,526053,1979421,818,4,22/12/2013,3,unident,6:32:25,6:33:23,6:38,1,900,,,,
7,B,7B4,526053,1979421,818,4,22/12/2013,4,146,6:32:21,6:37:23,6:51,183,1000,,,,
7,B,7B4,526053,1979421,818,4,22/12/2013,5,95,6:41:22,6:44:34,6:59,73,200,,,,
7,B,7B4,526053,1979421,818,4,22/12/2013,6,86,6:57:33,7:01:11,7:11,258,800,,,,
7,C,7C4,526450,1979749,723,4,22/12/2013,1,,6:18:30,,6:35,334,800,,,,
7,C,7C4,526450,1979749,723,4,22/12/2013,2,95,6:40:38,6:45:25,6:58,90,180,,,,
8,A,8A1,527675,1978890,778,1,23/12/2013,1,142,6:16:34,6:21:05,6:37,120,600,,,,
8,A,8A1,527675,1978890,778,1,23/12/2013,2,145,6:26:42,6:19:25,6:38,136,900,,,,
8,A,8A1,527675,1978890,778,1,23/12/2013,3,143,6:31:07,6:33:59,6:45,190,1000,,,,
8,A,8A1,527675,1978890,778,1,23/12/2013,4,85,6:34:04,6:36:43,6:53,342,300,,,,
8,B,8B1,527910,1979081,787,1,23/12/2013,1,82,6:18:46,6:21:35,6:31,74,500,,,,
8,B,8B1,527910,1979081,787,1,23/12/2013,2,142,6:26:05,6:26:27,6:40,115,800,,,,
8,B,8B1,527910,1979081,787,1,23/12/2013,3,85,6:32:33,6:35:35,6:52,316,300,,,,
8,B,8B1,527910,1979081,787,1,23/12/2013,4,81,6:53:19,6:55:41,7:00,102,1000,,,,
8,C,8C1,528550,1979425,781,1,23/12/2013,1,142,6:15:10,6:20:00,6:38,140,600,,,,
8,C,8C1,528550,1979425,781,1,23/12/2013,2,85,6:36:15,6:39:20,6:52,260,510,,,,
8,A,8A2,527675,1978890,778,2,24/12/2013,1,142,6:04:17,6:07:14,6:28,121,900,,,,
8,A,8A2,527675,1978890,778,2,24/12/2013,2,145,6:08:32,6:10:32,6:25,130,800,,,,
8,A,8A2,527675,1978890,778,2,24/12/2013,3,143,6:23:06,6:13:46,6:31,192,900,,,,
8,A,8A2,527675,1978890,778,2,24/12/2013,4,144,6:37:15,6:39:29,6:53,290,500,,,,
8,A,8A2,527675,1978890,778,2,24/12/2013,5,84,6:34:08,6:41:16,7:03,36,500,,,,
8,B,8B2,527910,1979081,787,2,24/12/2013,1,142,6:03:26,6:04:16,6:15,136,600,,,,
8,B,8B2,527910,1979081,787,2,24/12/2013,2,82,6:09:08,6:10:31,6:18,74,500,,,,
8,B,8B2,527910,1979081,787,2,24/12/2013,3,81,6:13:42,6:15:04,6:22,113,1000,,,,
8,B,8B2,527910,1979081,787,2,24/12/2013,4,82,6:17:32,6:18:09,6:46,70,500,,,,
8,B,8B2,527910,1979081,787,2,24/12/2013,5,144,6:20:34,6:24:21,6:59,243,800,,,,
8,B,8B2,527910,1979081,787,2,24/12/2013,6,83,6:30:01,6:32:08,6:40,44,1000,,,,
8,B,8B2,527910,1979081,787,2,24/12/2013,7,84,6:38:40,6:43:47,7:03,20,600,,,,
8,C,8C2,528550,1979425,781,2,24/12/2013,1,81,6:02:30,6:05:55,6:09,150,700,,,,
8,C,8C2,528550,1979425,781,2,24/12/2013,2,82,6:14:20,6:18:25,6:41,108,280,,,,
8,C,8C2,528550,1979425,781,2,24/12/2013,3,98,6:32:36,6:34:45,6:45,50,640,,,,
8,C,8C2,528550,1979425,781,2,24/12/2013,4,83,6:39:44,6:42:45,6:52,346,180,,,,
8,C,8C2,528550,1979425,781,2,24/12/2013,5,102,7:24:35,7:27:39,7:38,20,900,,,,
8,A,8A3,527675,1978890,778,3,25/12/2013,1,82,6:30:27,6:35:09,6:42,70,700,,,,
8,A,8A3,527675,1978890,778,3,25/12/2013,2,145,6:39:05,6:40:04,6:49,134,800,,,,
8,A,8A3,527675,1978890,778,3,25/12/2013,3,142,6:43:15,6:28:07,6:58,112,900,,,,
8,B,8B3,527910,1979081,787,3,25/12/2013,1,81,6:29:32,6:31:14,6:43,94,800,,,,
8,B,8B3,527910,1979081,787,3,25/12/2013,2,82,6:32:13,6:34:13,6:49,66,500,,,,
8,B,8B3,527910,1979081,787,3,25/12/2013,3,145,6:39:43,6:43:17,6:52,136,500,,,,
8,B,8B3,527910,1979081,787,3,25/12/2013,4,142,6:41:53,6:42:05,6:57,115,400,,,,
8,B,8B3,527910,1979081,787,3,25/12/2013,5,84,6:44:38,6:45:28,7:03,34,600,,,,
8,B,8B3,527910,1979081,787,3,25/12/2013,6,,7:00:05,,7:10,44,900,,,,
8,C,8C3,528550,1979425,781,3,25/12/2013,1,82,6:29:05,6:35:55,6:50,98,400,,,,
8,C,8C3,528550,1979425,781,3,25/12/2013,2,81,6:40:30,6:45:15,6:57,140,700,,,,
8,C,8C3,528550,1979425,781,3,25/12/2013,3,98,6:43:11,6:47:50,7:05,40,600,,,,
8,A,8A4,527675,1978890,778,4,26/12/2013,1,142,6:18:39,6:24:41,6:30,120,900,,,,
8,A,8A4,527675,1978890,778,4,26/12/2013,2,143,6:25:21,6:29:12,6:34,196,1000,,,,
8,A,8A4,527675,1978890,778,4,26/12/2013,3,145,6:28:45,6:27:19,6:37,150,700,,,,
8,A,8A4,527675,1978890,778,4,26/12/2013,4,81,6:35:45,6:35:42,6:39,90,1200,,,,
8,A,8A4,527675,1978890,778,4,26/12/2013,5,144,6:42:25,6:32:15,6:57,270,90,,,,
8,B,8B4,527910,1979081,787,4,26/12/2013,1,142,6:18:18,6:20:22,6:36,112,800,,,,
8,B,8B4,527910,1979081,787,4,26/12/2013,2,145,6:25:31,6:27:25,6:40,142,300,,,,
8,B,8B4,527910,1979081,787,4,26/12/2013,3,,6:33:02,,6:35,72,600,,,,
8,B,8B4,527910,1979081,787,4,26/12/2013,4,unident,6:35:38,6:37:56,6:47,64,500,,,,
8,C,8C4,528550,1979425,781,4,26/12/2013,1,81,6:22:55,6:27:52,6:42,134,500,,,,
8,C,8C4,528550,1979425,781,4,26/12/2013,2,98,6:38:23,6:42:34,6:48,48,480,,,,
8,C,8C4,528550,1979425,781,4,26/12/2013,3,82,7:20:15,7:23:20,7:52,84,420,,,,
9,A,9A1,529597,1978677,731,1,27/12/2013,1,101,6:38:12,6:39:23,6:55,30,700,,,,
9,B,9B1,530094,1978840,710,1,27/12/2013,1,101,6:37:37,6:38:25,6:49,355,500,,,,
9,C,9C1,530375,1979299,709,1,27/12/2013,1,101,6:34:32,6:39:25,6:52,344,510,,,,
9,A,9A2,529597,1978677,731,2,28/12/2013,1,81,6:17:16,6:18:40,6:33,270,400,,,,
9,A,9A2,529597,1978677,731,2,28/12/2013,2,5,6:32:08,6:34:35,6:37,240,600,,,,
9,A,9A2,529597,1978677,731,2,28/12/2013,3,141,6:36:02,6:37:41,6:49,100,900,,,,
9,A,9A2,529597,1978677,731,2,28/12/2013,4,101,6:53:26,6:55:09,7:08,40,800,,,,
9,A,9A2,529597,1978677,731,2,28/12/2013,5,82,7:10:15,7:11:52,7:18,330,900,,,,
9,B,9B2,530094,1978840,710,2,28/12/2013,1,141,6:29:52,6:33:48,6:41,125,800,,,,
9,B,9B2,530094,1978840,710,2,28/12/2013,2,79,6:30:47,6:35:38,6:47,93,400,,,,
9,B,9B2,530094,1978840,710,2,28/12/2013,3,80,6:50:49,6:55:43,7:02,61,800,,,,
9,B,9B2,530094,1978840,710,2,28/12/2013,4,,6:58:43,,7:10,5,500,,,,
9,C,9C2,530375,1979299,709,2,28/12/2013,1,79,6:29:21,6:33:07,6:45,120,610,,,,
9,C,9C2,530375,1979299,709,2,28/12/2013,2,80,6:49:22,6:52:00,7:02,44,400,,,,
9,C,9C2,530375,1979299,709,2,28/12/2013,3,107,7:04:26,7:06:03,7:12,16,700,,,,
9,A,9A3,529597,1978677,731,3,29/12/2013,1,5,6:08:59,6:10:17,6:28,230,600,,,,
9,A,9A3,529597,1978677,731,3,29/12/2013,2,81,6:14:56,6:15:34,6:36,260,600,,,,
9,A,9A3,529597,1978677,731,3,29/12/2013,3,82,6:38:47,6:40:11,6:54,342,900,,,,
9,A,9A3,529597,1978677,731,3,29/12/2013,4,10,6:56:51,6:58:18,7:05,120,800,,,,
9,B,9B3,530094,1978840,710,3,29/12/2013,1,80,6:40:40,6:46:29,7:02,48,900,,,,
9,C,9C3,530375,1979299,709,3,29/12/2013,1,79,6:31:55,6:35:16,6:57,110,700,,,,
9,C,9C3,530375,1979299,709,3,29/12/2013,2,101,6:37:22,6:45:07,7:03,350,600,,,,
9,A,9A4,529597,1978677,731,4,30/12/2013,1,79,6:17:03,6:19:21,6:26,86,900,,,,
9,A,9A4,529597,1978677,731,4,30/12/2013,2,unident,6:19:54,6:21:17,6:33,64,400,,,,
9,A,9A4,529597,1978677,731,4,30/12/2013,3,10,6:25:35,6:26:48,6:36,156,800,,,,
9,A,9A4,529597,1978677,731,4,30/12/2013,4,140,6:30:11,6:31:28,6:38,220,700,,,,
9,A,9A4,529597,1978677,731,4,30/12/2013,5,5,6:38:13,6:39:25,6:47,240,800,,,,
9,A,9A4,529597,1978677,731,4,30/12/2013,6,82,6:44:26,6:45:38,6:58,320,900,,,,
9,A,9A4,529597,1978677,731,4,30/12/2013,7,141,6:49:43,6:51:21,7:37,75,1100,,,,
9,B,9B4,530094,1978840,710,4,30/12/2013,1,79,6:17:19,6:18:27,6:33,78,500,,,,
9,B,9B4,530094,1978840,710,4,30/12/2013,2,,6:23:57,,6:25,156,1000,,,,
9,B,9B4,530094,1978840,710,4,30/12/2013,3,141,6:34:16,6:40:33,6:57,116,800,,,,
9,B,9B4,530094,1978840,710,4,30/12/2013,4,101,7:18:15,7:19:08,7:31,10,550,,,,
9,C,9C4,530375,1979299,709,4,30/12/2013,1,79,6:14:30,6:19:23,6:36,104,580,,,,
9,C,9C4,530375,1979299,709,4,30/12/2013,2,141,6:37:32,6:38:56,6:54,170,500,,,,
9,C,9C4,530375,1979299,709,4,30/12/2013,3,101,7:00:50,7:16:56,7:32,19,600,,,,
10,A,10A1,532048,1978505,804,1,31/12/2013,1,66,6:57:22,6:58:41,7:15,120,1200,,,,
10,B,10B1,532060,1979151,795,1,31/12/2013,1,73,6:49:05,6:53:41,7:20,30,700,,,,
10,B,10B1,532060,1979151,795,1,31/12/2013,2,71,7:47:15,7:52:23,7:23,140,200,,,,
10,C,10C1,532658,1979399,862,1,31/12/2013,1,73,6:57:45,6:51:55,7:08,36,520,,,,
10,C,10C1,532658,1979399,862,1,31/12/2013,2,11,7:51:11,7:57:06,8:20,322,400,,,,
10,A,10A2,532048,1978505,804,2,01/01/2014,1,75,6:24:48,6:26:35,6:36,170,800,,,,
10,A,10A2,532048,1978505,804,2,01/01/2014,2,76,6:33:26,6:34:18,6:44,220,700,,,,
10,A,10A2,532048,1978505,804,2,01/01/2014,3,77,6:47:25,6:48:51,6:05,140,900,,,,
10,A,10A2,532048,1978505,804,2,01/01/2014,4,65,7:21:04,7:22:27,7:35,190,1100,,,,
10,B,10B2,532060,1979151,795,2,01/01/2014,1,73,6:24:17,6:25:32,6:37,33,800,,,,
10,B,10B2,532060,1979151,795,2,01/01/2014,2,78,6:27:16,6:34:10,6:46,270,600,,,,
10,C,10C2,532658,1979399,862,2,01/01/2014,1,78,6:27:33,6:30:00,6:45,280,900,,,,
10,C,10C2,532658,1979399,862,2,01/01/2014,2,74,6:44:07,6:50:16,6:57,120,800,,,,
10,A,10A3,532048,1978505,804,3,02/01/2014,1,,6:12:47,,6:18,20,650,,,,
10,A,10A3,532048,1978505,804,3,02/01/2014,2,75,6:15:19,6:16:22,6:34,180,500,,,,
10,A,10A3,532048,1978505,804,3,02/01/2014,3,141,6:18:08,6:19:37,6:27,260,600,,,,
10,A,10A3,532048,1978505,804,3,02/01/2014,4,72,6:31:49,6:32:34,6:42,280,700,,,,
10,A,10A3,532048,1978505,804,3,02/01/2014,5,76,6:33:27,6:33:50,6:43,200,800,,,,
10,A,10A3,532048,1978505,804,3,02/01/2014,6,66,6:38:02,6:38:32,6:52,140,500,,,,
10,A,10A3,532048,1978505,804,3,02/01/2014,7,74,6:04:22,6:48:41,7:08,85,900,,,,
10,A,10A3,532048,1978505,804,3,02/01/2014,8,70,6:48:25,6:58:20,7:37,320,600,,,,
10,B,10B3,532060,1979151,795,3,02/01/2014,1,78,6:11:51,6:15:09,6:33,168,200,,,,
10,B,10B3,532060,1979151,795,3,02/01/2014,2,141,6:15:24,6:16:50,6:33,248,1500,,,,
10,B,10B3,532060,1979151,795,3,02/01/2014,3,unident,6:17:00,6:18:14,6:28,286,550,,,,
10,B,10B3,532060,1979151,795,3,02/01/2014,4,106,6:22:11,6:25:55,6:37,27,1500,,,,
10,B,10B3,532060,1979151,795,3,02/01/2014,5,11,6:49:30,6:52:05,7:05,345,600,,,,
10,B,10B3,532060,1979151,795,3,02/01/2014,6,73,6:32:32,6:34:36,6:47,33,900,,,,
10,B,10B3,532060,1979151,795,3,02/01/2014,7,76,6:39:08,6:40:35,6:45,205,1500,,,,
10,B,10B3,532060,1979151,795,3,02/01/2014,8,80,6:43:04,6:44:57,6:54,293,1500,,,,
10,B,10B3,532060,1979151,795,3,02/01/2014,9,unident,6:47:05,6:48:26,7:11,286,600,,,,
10,B,10B3,532060,1979151,795,3,02/01/2014,10,71,6:54:09,6:58:03,7:34,218,100,,,,
10,B,10B3,532060,1979151,795,3,02/01/2014,11,unident,7:03:18,7:05:34,7:24,318,500,,,,
10,B,10B3,532060,1979151,795,3,02/01/2014,12,,7:07:38,,,296,600,,,,
10,C,10C3,532658,1979399,862,3,02/01/2014,1,78,6:11:21,6:35:00,6:34,262,900,,,,
10,C,10C3,532658,1979399,862,3,02/01/2014,2,73,6:23:08,6:31:27,6:48,30,400,,,,
10,C,10C3,532658,1979399,862,3,02/01/2014,3,80,6:47:52,6:50:55,7:08,283,1500,,,,
10,C,10C3,532658,1979399,862,3,02/01/2014,4,71,6:59:25,7:02:20,7:15,200,600,,,,
10,C,10C3,532658,1979399,862,3,02/01/2014,5,unident,7:16:55,7:18:05,7:56,246,900,,,,
10,A,10A4,532048,1978505,804,4,03/01/2014,1,unident,6:14:02,6:15:13,6:24,150,600,,,,
10,A,10A4,532048,1978505,804,4,03/01/2014,2,72,6:18:04,6:19:15,6:26,260,650,,,,
10,A,10A4,532048,1978505,804,4,03/01/2014,3,76,6:29:49,6:22:38,6:29,210,800,,,,
10,A,10A4,532048,1978505,804,4,03/01/2014,4,70,6:24:15,6:25:09,6:32,320,700,,,,
10,A,10A4,532048,1978505,804,4,03/01/2014,5,141,6:27:34,6:27:54,6:37,280,800,,,,
10,A,10A4,532048,1978505,804,4,03/01/2014,6,75,6:29:18,6:30:23,6:34,170,600,,,,
10,A,10A4,532048,1978505,804,4,03/01/2014,7,65,6:32:06,6:33:55,6:49,190,1100,,,,
10,A,10A4,532048,1978505,804,4,03/01/2014,8,unident,6:40:32,6:41:52,7:00,30,700,,,,
10,B,10B4,532060,1979151,795,4,03/01/2014,1,78,6:14:32,6:16:42,6:34,317,600,,,,
10,B,10B4,532060,1979151,795,4,03/01/2014,2,70,6:19:19,6:19:39,6:36,277,700,,,,
10,B,10B4,532060,1979151,795,4,03/01/2014,3,141,6:20:52,6:21:54,6:28,252,1300,,,,
10,B,10B4,532060,1979151,795,4,03/01/2014,4,72,6:24:39,6:26:08,6:33,222,600,,,,
10,B,10B4,532060,1979151,795,4,03/01/2014,5,157,6:34:11,6:34:30,6:41,33,900,,,,
10,B,10B4,532060,1979151,795,4,03/01/2014,6,unident,7:00:02,7:12:00,7:19,303,600,,,,
10,B,10B4,532060,1979151,795,4,03/01/2014,7,80,6:39:01,6:41:43,6:48,300,1000,,,,
10,B,10B4,532060,1979151,795,4,03/01/2014,8,unident,6:42:53,6:43:12,6:54,281,450,,,,
10,B,10B4,532060,1979151,795,4,03/01/2014,9,106,6:44:58,6:45:08,7:08,24,1500,,,,
10,C,10C4,532658,1979399,862,4,03/01/2014,1,70,06:20:30,06:25:46,6:48,260,800,,,,
10,C,10C4,532658,1979399,862,4,03/01/2014,2,157,6:27:34,6:37:15,6:15,318,500,,,,
10,C,10C4,532658,1979399,862,4,03/01/2014,3,73,6:55:37,6:58:31,7:03,32,500,,,,
10,C,10C4,532658,1979399,862,4,03/01/2014,4,106,7:06:17,7:08:00,7:12,0,1000,,,,
11,A,11A1,533752,1977300,797,1,04/01/2014,0,,,,,,,,,,
11,B,11B1,533588,1977838,738,1,04/01/2014,0,,,,,,,,,,
11,C,11C1,533826,1978251,835,1,04/01/2014,0,,,,,,,,,,
11,A,11A2,533752,1977300,797,2,05/01/2014,1,69,06:23:37,6:25:09,6:41,330,1100,,,,
11,A,11A2,533752,1977300,797,2,05/01/2014,2,77,6:37:49,6:40:04,6:55,290,900,,,,
11,B,11B2,533588,1977838,738,2,05/01/2014,1,69,6:26:35,6:28:28,6:36,320,500,,,,
11,B,11B2,533588,1977838,738,2,05/01/2014,2,77,6:39:45,6:40:18,6:55,256,900,,,,
11,C,11C2,533826,1978251,835,2,05/01/2014,0,,,,,,,,,,
11,A,11A3,533752,1977300,797,3,06/01/2014,1,68,6:19:05,6:21:11,6:35,310,1000,,,,
11,A,11A3,533752,1977300,797,3,06/01/2014,2,77,6:27:36,6:29:23,6:52,280,800,,,,
11,A,11A3,533752,1977300,797,3,06/01/2014,3,69,6:58:36,6:39:20,7:08,320,700,,,,
11,A,11A3,533752,1977300,797,3,06/01/2014,4,158,7:28:35,7:30:33,7:45,0,1200,,,,
11,B,11B3,533588,1977838,738,3,06/01/2014,1,67,6:25:38,6:26:22,6:50,90,500,,,,
11,B,11B3,533588,1977838,738,3,06/01/2014,2,77,6:27:17,6:31:18,6:47,254,500,,,,
11,B,11B3,533588,1977838,738,3,06/01/2014,3,69,6:54:16,6:58:32,7:04,315,500,,,,
11,C,11C3,533826,1978251,835,3,06/01/2014,1,68,6:15:30,6:28:50,6:46,226,600,,,,
11,C,11C3,533826,1978251,835,3,06/01/2014,2,67,6:25:46,6:32:30,6:49,110,500,,,,
11,C,11C3,533826,1978251,835,3,06/01/2014,3,69,6:56:21,7:00:28,7:05,278,400,,,,
11,A,11A4,533752,1977300,797,4,07/01/2014,1,77,6:17:45,6:19:21,6:47,290,900,,,,
11,B,11B4,533588,1977838,738,4,07/01/2014,1,77,6:22:42,6:27:01,6:44,240,850,,,,
11,B,11B4,533588,1977838,738,4,07/01/2014,2,,6:30:49,,,357,700,,,,
11,C,11C4,533826,1978251,835,4,07/01/2014,1,77,6:21:06,6:27:31,6:48,230,650,,,,
12,A,12A1,531805,1976727,744,1,08/01/2014,1,76,6:13:57,6:15:07,6:29,330,700,,,,
12,B,12B1,532133,1977092,717,1,08/01/2014,1,75,6:11:15,6:13:40,6:24,334,400,,,,
12,B,12B1,532133,1977092,717,1,08/01/2014,2,68,6:24:08,6:26:50,6:30,64,1500,,,,
12,B,12B1,532133,1977092,717,1,08/01/2014,3,,6:37:40,,,102,1000,,,,
12,B,12B1,532133,1977092,717,1,08/01/2014,4,,6:52:25,,,18,1000,,,,
12,C,12C1,532452,1977500,737,1,08/01/2014,1,75,6:11:36,6:15:55,6:25,294,500,,,,
12,C,12C1,532452,1977500,737,1,08/01/2014,2,68,6:37:16,6:40:50,6:48,58,1000,,,,
12,A,12A2,531805,1976727,744,2,09/01/2014,1,76,6:32:32,6:34:38,6:44,340,800,,,,
12,B,12B2,532133,1977092,717,2,09/01/2014,1,76,6:36:35,6:40:38,6:45,294,800,,,,
12,C,12C2,532452,1977500,737,2,09/01/2014,0,,,,,,,,,,
12,A,12A3,531805,1976727,744,3,10/01/2014,1,76,6:16:25,6:20:34,6:38,310,800,,,,
12,A,12A3,531805,1976727,744,3,10/01/2014,2,129,6:45:05,6:45:32,6:58,250,1100,,,,
12,B,12B3,532133,1977092,717,3,10/01/2014,1,76,6:15:27,6:24:38,6:31,304,750,,,,
12,C,12C3,532452,1977500,737,3,10/01/2014,0,,,,,,,,,,
12,A,12A4,531805,1976727,744,4,11/01/2014,1,76,6:16:02,6:19:41,6:35,320,800,,,,
12,A,12A4,531805,1976727,744,4,11/01/2014,2,65,6:20:43,6:23:36,6:43,36,400,,,,
12,A,12A4,531805,1976727,744,4,11/01/2014,3,129,6:37:09,6:38:42,6:48,280,900,,,,
12,B,12B4,532133,1977092,717,4,11/01/2014,1,76,6:15:51,6:21:16,6:33,290,800,,,,
12,B,12B4,532133,1977092,717,4,11/01/2014,2,65,6:19:48,6:22:12,6:43,310,100,,,,
12,B,12B4,532133,1977092,717,4,11/01/2014,3,0,6:41:50,6:44:03,6:46,164,800,,,,
12,C,12C4,532452,1977500,737,4,11/01/2014,0,,,,,,,,,,
13,A,13A1,526425,1977200,919,1,23/01/2014,1,152,6:33:20,6:34:25,6:43,7,800,,,,
13,A,13A1,526425,1977200,919,1,23/01/2014,2,139,6:36:13,6:36:49,6:48,50,700,,,,
13,A,13A1,526425,1977200,919,1,23/01/2014,3,138,6:40:49,6:41:28,6:45,270,800,,,,
13,A,13A1,526425,1977200,919,1,23/01/2014,4,153,6:44:38,6:45:06,6:58,350,600,,,,
13,A,13A1,526425,1977200,919,1,23/01/2014,5,154,7:08:33,7:11:53,7:18,22,500,,,,
13,A,13A1,526425,1977200,919,1,23/01/2014,6,64,7:22:19,7:22:17,7:38,258,400,,,,
13,B,13B1,525968,1976756,860,1,23/01/2014,1,,6:22:59,,6:30,60,1000,,,,
13,B,13B1,525968,1976756,860,1,23/01/2014,2,139,6:35:31,6:39:48,6:57,40,900,,,,
13,B,13B1,525968,1976756,860,1,23/01/2014,3,64,7:18:04,7:20:29,7:38,306,500,,,,
13,B,13B1,525968,1976756,860,1,23/01/2014,4,,7:20:22,,7:35,70,1500,,,,
13,C,13C1,526107,1976415,937,1,23/01/2014,1,139,6:35:40,6:40:37,6:52,22,1000,,,,
13,C,13C1,526107,1976415,937,1,23/01/2014,2,138,6:48:55,6:54:06,7:18,354,500,,,,
13,C,13C1,526107,1976415,937,1,23/01/2014,3,64,7:24:11,7:26:16,7:42,312,400,,,,
13,A,13A2,526425,1977200,919,2,24/01/2014,1,139,6:21:10,6:32:48,6:36,60,800,,,,
13,A,13A2,526425,1977200,919,2,24/01/2014,2,138,6:23:24,6:25:49,6:39,280,600,,,,
13,A,13A2,526425,1977200,919,2,24/01/2014,3,64,6:30:50,6:35:59,6:57,250,900,,,,
13,B,13B2,525968,1976756,860,2,24/01/2014,1,138,6:21:57,6:24:37,6:38,0,300,,,,
13,B,13B2,525968,1976756,860,2,24/01/2014,2,63,6:56:59,6:57:40,7:15,248,600,,,,
13,C,13C2,526107,1976415,937,2,24/01/2014,1,136,6:14:45,6:22:30,6:34,154,400,,,,
13,C,13C2,526107,1976415,937,2,24/01/2014,2,138,6:23:20,6:25:05,6:37,0,600,,,,
13,C,13C2,526107,1976415,937,2,24/01/2014,3,137,6:28:00,6:30:40,6:41,80,700,,,,
13,C,13C2,526107,1976415,937,2,24/01/2014,4,155,6:32:15,6:35:41,6:50,200,800,,,,
13,C,13C2,526107,1976415,937,2,24/01/2014,5,,6:47:40,,6:53,100,1000,,,,
13,C,13C2,526107,1976415,937,2,24/01/2014,6,63,6:59:10,7:06:55,7:12,264,1200,,,,
13,A,13A3,526425,1977200,919,3,25/01/2014,1,138,6:17:07,6:20:03,6:35,286,600,,,,
13,A,13A3,526425,1977200,919,3,25/01/2014,2,139,6:20:38,6:22:18,6:38,22,700,,,,
13,A,13A3,526425,1977200,919,3,25/01/2014,3,137,6:28:23,6:28:55,6:46,170,800,,,,
13,A,13A3,526425,1977200,919,3,25/01/2014,4,154,6:35:12,6:35:48,6:50,7,800,,,,
13,A,13A3,526425,1977200,919,3,25/01/2014,5,64,6:36:28,6:37:19,6:59,250,800,,,,
13,B,13B3,525968,1976756,860,3,25/01/2014,1,138,6:16:24,6:19:17,6:37,350,400,,,,
13,B,13B3,525968,1976756,860,3,25/01/2014,2,154,6:27:51,6:29:58,6:44,10,800,,,,
13,B,13B3,525968,1976756,860,3,25/01/2014,3,63,6:30:58,6:32:19,6:49,227,1000,,,,
13,B,13B3,525968,1976756,860,3,25/01/2014,4,136,6:33:41,6:37:11,6:45,140,1000,,,,
13,B,13B3,525968,1976756,860,3,25/01/2014,5,unident,6:39:40,6:41:30,6:59,240,600,,,,
13,C,13C3,526107,1976415,937,3,25/01/2014,1,138,6:17:05,6:20:10,6:36,340,520,,,,
13,C,13C3,526107,1976415,937,3,25/01/2014,2,137,6:25:20,6:29:50,6:50,80,800,,,,
13,C,13C3,526107,1976415,937,3,25/01/2014,3,136,6:27:30,6:31:25,6:44,142,480,,,,
13,C,13C3,526107,1976415,937,3,25/01/2014,4,,6:55:33,,7:02,300,130,,,,
13,A,13A4,526425,1977200,919,4,26/01/2014,1,139,6:27:17,6:28:56,6:40,70,800,,,,
13,A,13A4,526425,1977200,919,4,26/01/2014,2,153,6:34:15,6:34:47,6:46,350,700,,,,
13,A,13A4,526425,1977200,919,4,26/01/2014,3,138,6:45:23,6:45:58,6:58,286,700,,,,
13,B,13B4,525968,1976756,860,4,26/01/2014,1,139,6:20:18,6:24:10,6:28,40,1500,,,,
13,B,13B4,525968,1976756,860,4,26/01/2014,2,63,6:42:35,6:49:17,6:52,232,600,,,,
13,C,13C4,526107,1976415,937,4,26/01/2014,1,137,6:16:30,6:20:35,6:31,60,900,,,,
13,C,13C4,526107,1976415,937,4,26/01/2014,2,136,6:23:15,6:27:05,6:41,134,500,,,,
13,C,13C4,526107,1976415,937,4,26/01/2014,3,138,6:43:20,6:48:09,6:56,330,600,,,,
14,A,14A1,525401,1974597,756,1,27/01/2014,1,61,6:26:17,6:27:45,6:35,230,600,,,,
14,A,14A1,525401,1974597,756,1,27/01/2014,2,8,6:28:55,6:29:32,6:40,100,900,,,,
14,B,14B1,525641,1975055,833,1,27/01/2014,1,62,6:22:25,6:33:46,6:43,92,700,,,,
14,C,14C1,525750,1975399,825,1,27/01/2014,1,62,6:24:25,6:28:50,6:42,100,700,,,,
14,A,14A2,525401,1974597,756,2,28/01/2014,1,61,6:24:36,6:27:29,6:39,220,700,,,,
14,A,14A2,525401,1974597,756,2,28/01/2014,2,8,6:26:31,6:28:11,6:45,100,800,,,,
14,B,14B2,525641,1975055,833,2,28/01/2014,1,62,6:22:26,6:03:24,6:37,98,700,,,,
14,B,14B2,525641,1975055,833,2,28/01/2014,2,136,6:35:33,6:44:32,6:53,48,1000,,,,
14,C,14C2,525750,1975399,825,2,28/01/2014,1,62,6:18:30,6:21:40,6:38,114,630,,,,
14,C,14C2,525750,1975399,825,2,28/01/2014,2,136,6:27:11,6:36:14,6:50,62,1000,,,,
14,A,14A3,525401,1974597,756,3,29/01/2014,1,61,6:20:58,6:29:28,6:49,240,500,,,,
14,A,14A3,525401,1974597,756,3,29/01/2014,2,8,6:26:31,6:28:11,6:45,100,800,,,,
14,B,14B3,525641,1975055,833,3,29/01/2014,1,60,6:18:32,6:23:22,6:34,58,300,,,,
14,B,14B3,525641,1975055,833,3,29/01/2014,2,,6:20:41,,6:30,280,500,,,,
14,B,14B3,525641,1975055,833,3,29/01/2014,3,,6:30:01,,6:42,30,1300,,,,
14,B,14B3,525641,1975055,833,3,29/01/2014,4,61,6:25:30,6:33:58,6:39,230,1000,,,,
14,C,14C3,525750,1975399,825,3,29/01/2014,1,,6:19:25,,6:38,140,710,,,,
14,C,14C3,525750,1975399,825,3,29/01/2014,2,,6:39:45,,6:55,60,1100,,,,
14,A,14A4,525401,1974597,756,4,30/01/2014,1,59,6:13:13,6:19:40,6:28,340,800,,,,
14,A,14A4,525401,1974597,756,4,30/01/2014,2,61,6:22:01,6:25:26,6:50,230,800,,,,
14,B,14B4,525641,1975055,833,4,30/01/2014,1,59,6:13:00,6:17:12,6:26,348,200,,,,
14,B,14B4,525641,1975055,833,4,30/01/2014,2,61,6:18:22,6:19:09,6:32,310,1500,,,,
14,B,14B4,525641,1975055,833,4,30/01/2014,3,155,6:18:22,6:30:46,6:34,230,600,,,,
14,B,14B4,525641,1975055,833,4,30/01/2014,4,,6:37:19,,6:49,188,1000,,,,
14,C,14C4,525750,1975399,825,4,30/01/2014,1,,6:14:24,6:21:29,6:34,64,1000,,,,
14,C,14C4,525750,1975399,825,4,30/01/2014,2,,6:27:29,,7:14,240,600,,,,
15,A,15A1,527428,1974474,943,1,31/01/2014,1,58,6:18:19,6:18:35,6:53,70,1000,,,,
15,B,15B1,527599,1974947,982,1,31/01/2014,1,55,6:11:12,6:13:02,6:21,53,1500,,,,
15,B,15B1,527599,1974947,982,1,31/01/2014,2,,6:18:09,,6:30,112,1000,,,,
15,C,15C1,527667,1975399,1030,1,31/01/2014,1,,6:03:50,,7:37,24,600,,,,
15,A,15A2,527428,1974474,943,2,01/02/2014,1,56,6:14:15,6:16:41,6:30,282,800,,,,
15,A,15A2,527428,1974474,943,2,01/02/2014,2,62,6:20:25,6:20:49,6:32,310,800,,,,
15,A,15A2,527428,1974474,943,2,01/02/2014,3,57,6:21:23,6:24:38,6:35,6,800,,,,
15,A,15A2,527428,1974474,943,2,01/02/2014,4,58,6:37:11,6:39:44,6:57,60,900,,,,
15,B,15B2,527599,1974947,982,2,01/02/2014,1,62,6:09:13,6:13:09,6:25,281,1000,,,,
15,B,15B2,527599,1974947,982,2,01/02/2014,2,57,6:15:27,6:23:12,6:35,336,500,,,,
15,B,15B2,527599,1974947,982,2,01/02/2014,3,56,6:14:02,6:17:20,6:27,232,1500,,,,
15,B,15B2,527599,1974947,982,2,01/02/2014,4,135,6:41:33,6:44:14,6:59,26,700,,,,
15,B,15B2,527599,1974947,982,2,01/02/2014,5,8,6:43:05,6:55:02,7:00,251,2000,,,,
15,C,15C2,527667,1975399,1030,2,01/02/2014,1,62,6:07:40,6:11:20,6:21,280,700,,,,
15,C,15C2,527667,1975399,1030,2,01/02/2014,2,unident,6:09:00,6:14:05,6:30,300,600,,,,
15,C,15C2,527667,1975399,1030,2,01/02/2014,3,134,6:23:45,6:25:25,6:41,0,800,,,,
15,C,15C2,527667,1975399,1030,2,01/02/2014,4,135,6:37:42,6:42:55,7:00,10,300,,,,
15,A,15A3,527428,1974474,943,3,02/02/2014,1,57,6:16:57,6:18:23,6:27,10,900,,,,
15,A,15A3,527428,1974474,943,3,02/02/2014,2,56,6:21:43,6:21:12,6:35,280,900,,,,
15,A,15A3,527428,1974474,943,3,02/02/2014,3,62,6:33:25,6:33:42,7:05,320,800,,,,
15,B,15B3,527599,1974947,982,3,02/02/2014,1,57,6:15:25,6:17:57,6:30,300,1500,,,,
15,B,15B3,527599,1974947,982,3,02/02/2014,2,56,6:27:40,6:34:19,6:49,260,1500,,,,
15,C,15C3,527667,1975399,1030,3,02/02/2014,1,134,6:08:52,6:16:18,6:40,0,1000,,,,
15,C,15C3,527667,1975399,1030,3,02/02/2014,2,57,6:17:14,6:22:27,6:54,264,1500,,,,
15,C,15C3,527667,1975399,1030,3,02/02/2014,3,unident,6:23:00,6:27:45,6:40,325,500,,,,
15,C,15C3,527667,1975399,1030,3,02/02/2014,4,135,6:41:50,6:44:19,7:01,4,800,,,,
15,A,15A4,527428,1974474,943,4,03/02/2014,1,58,5:58:13,6:11:38,6:18,60,800,,,,
15,A,15A4,527428,1974474,943,4,03/02/2014,2,21,6:02:18,6:04:53,6:29,123,700,,,,
15,A,15A4,527428,1974474,943,4,03/02/2014,3,56,6:21:01,6:24:48,6:37,280,900,,,,
15,B,15B4,527599,1974947,982,4,03/02/2014,1,58,5:58:30,6:08:19,6:20,113,900,,,,
15,B,15B4,527599,1974947,982,4,03/02/2014,2,55,6:13:14,6:15:42,6:25,60,1500,,,,
15,B,15B4,527599,1974947,982,4,03/02/2014,3,56,6:24:38,6:28:36,6:32,259,1500,,,,
15,B,15B4,527599,1974947,982,4,03/02/2014,4,125,6:28:04,6:29:56,6:39,86,2000,,,,
15,C,15C4,527667,1975399,1030,4,03/02/2014,1,55,6:00:35,6:07:30,6:24,82,800,,,,
15,C,15C4,527667,1975399,1030,4,03/02/2014,2,57,6:10:14,6:14:56,6:33,280,700,,,,
15,C,15C4,527667,1975399,1030,4,03/02/2014,3,134,6:12:39,6:17:55,6:18,14,1000,,,,
16,A,16A1,529347,1974940,914,1,04/02/2014,1,125,6:15:52,6:18:10,6:36,60,800,,,,
16,A,16A1,529347,1974940,914,1,04/02/2014,2,149,6:20:05,6:21:18,6:34,340,900,,,,
16,A,16A1,529347,1974940,914,1,04/02/2014,3,55,6:28:59,6:28:23,6:34,300,800,,,,
16,A,16A1,529347,1974940,914,1,04/02/2014,4,148,6:30:42,6:30:07,7:08,18,800,,,,
16,B,16B1,529578,1975318,806,1,04/02/2014,1,148,6:15:52,6:18:38,6:36,14,500,,,,
16,B,16B1,529578,1975318,806,1,04/02/2014,2,149,6:17:45,6:22:13,6:35,315,400,,,,
16,B,16B1,529578,1975318,806,1,04/02/2014,3,,6:27:52,,6:34,284,1000,,,,
16,B,16B1,529578,1975318,806,1,04/02/2014,4,131,6:32:57,6:33:59,6:42,73,900,,,,
16,B,16B1,529578,1975318,806,1,04/02/2014,5,unident,6:34:02,6:35:58,7:01,356,1000,,,,
16,B,16B1,529578,1975318,806,1,04/02/2014,6,129,7:00:01,7:07:32,7:20,37,2000,,,,
16,C,16C1,530145,1975419,763,1,04/02/2014,1,53,6:13:25,6:17:10,6:28,100,650,,,,
16,C,16C1,530145,1975419,763,1,04/02/2014,2,132,6:20:40,6:22:00,6:54,0,600,,,,
16,C,16C1,530145,1975419,763,1,04/02/2014,3,125,6:24:35,6:27:30,6:45,220,160,,,,
16,A,16A2,529347,1974940,914,2,05/02/2014,1,148,6:07:43,6:11:04,6:30,20,800,,,,
16,A,16A2,529347,1974940,914,2,05/02/2014,2,125,6:18:38,6:22:35,6:39,63,800,,,,
16,B,16B2,529578,1975318,806,2,05/02/2014,1,148,6:04:42,6:12:32,6:24,354,600,,,,
16,B,16B2,529578,1975318,806,2,05/02/2014,2,133,6:10:00,6:14:05,6:25,25,800,,,,
16,B,16B2,529578,1975318,806,2,05/02/2014,3,132,6:23:12,6:26:12,6:39,44,800,,,,
16,B,16B2,529578,1975318,806,2,05/02/2014,4,131,6:43:12,6:43:28,6:52,73,2000,,,,
16,C,16C2,530145,1975419,763,2,05/02/2014,1,53,5:57:08,6:05:15,6:20,100,600,,,,
16,C,16C2,530145,1975419,763,2,05/02/2014,2,133,6:07:45,6:11:20,6:28,340,500,,,,
16,C,16C2,530145,1975419,763,2,05/02/2014,3,132,6:14:40,6:17:51,6:26,10,700,,,,
16,C,16C2,530145,1975419,763,2,05/02/2014,4,54,6:21:57,6:25:52,6:32,120,800,,,,
16,C,16C2,530145,1975419,763,2,05/02/2014,5,131,6:39:25,6:43:10,6:35,70,650,,,,
16,A,16A3,529347,1974940,914,3,06/02/2014,1,unident,6:07:32,6:10:34,6:25,60,900,,,,
16,A,16A3,529347,1974940,914,3,06/02/2014,2,149,6:12:30,6:12:27,6:32,340,800,,,,
16,A,16A3,529347,1974940,914,3,06/02/2014,3,133,6:18:57,6:18:07,6:38,18,800,,,,
16,B,16B3,529578,1975318,806,3,06/02/2014,1,148,6:05:32,6:10:31,6:24,355,600,,,,
16,B,16B3,529578,1975318,806,3,06/02/2014,2,unident,6:10:30,6:13:40,6:24,8,800,,,,
16,B,16B3,529578,1975318,806,3,06/02/2014,3,149,6:14:00,6:14:39,6:23,295,500,,,,
16,B,16B3,529578,1975318,806,3,06/02/2014,4,133,6:18:50,6:23:50,6:36,24,500,,,,
16,B,16B3,529578,1975318,806,3,06/02/2014,5,unident,6:20:02,6:25:08,6:35,356,1000,,,,
16,B,16B3,529578,1975318,806,3,06/02/2014,6,37,6:34:40,6:38:19,6:50,62,2000,,,,
16,C,16C3,530145,1975419,763,3,06/02/2014,1,unident,5:56:34,6:03:15,6:20,100,620,,,,
16,C,16C3,530145,1975419,763,3,06/02/2014,2,148,6:07:41,6:10:51,6:35,340,460,,,,
16,C,16C3,530145,1975419,763,3,06/02/2014,3,132,6:13:55,6:15:30,6:27,0,500,,,,
16,C,16C3,530145,1975419,763,3,06/02/2014,4,54,6:22:05,6:33:45,6:52,115,750,,,,
16,A,16A4,529347,1974940,914,4,07/02/2014,1,148,6:11:02,6:13:44,6:29,18,800,,,,
16,A,16A4,529347,1974940,914,4,07/02/2014,2,149,6:16:36,6:17:40,6:36,336,700,,,,
16,A,16A4,529347,1974940,914,4,07/02/2014,3,unident,6:20:23,6:22:54,6:35,60,800,,,,
16,A,16A4,529347,1974940,914,4,07/02/2014,4,55,6:22:53,6:22:38,6:44,300,800,,,,
16,B,16B4,529578,1975318,806,4,07/02/2014,1,133,6:09:28,6:14:11,6:24,26,600,,,,
16,B,16B4,529578,1975318,806,4,07/02/2014,2,149,6:13:36,6:17:54,6:39,293,600,,,,
16,B,16B4,529578,1975318,806,4,07/02/2014,3,148,6:15:27,6:16:55,6:26,10,1000,,,,
16,B,16B4,529578,1975318,806,4,07/02/2014,4,125,6:31:52,6:35:59,6:44,74,500,,,,
16,C,16C4,530145,1975419,763,4,07/02/2014,1,53,6:00:26,6:03:39,6:16,110,600,,,,
16,C,16C4,530145,1975419,763,4,07/02/2014,2,133,6:08:31,6:13:35,6:23,0,510,,,,
16,C,16C4,530145,1975419,763,4,07/02/2014,3,132,6:14:01,6:20:50,6:25,20,620,,,,
16,C,16C4,530145,1975419,763,4,07/02/2014,4,125,6:27:10,6:33:20,6:44,236,120,,,,
17,A,17A1,529530,1976501,814,1,08/02/2014,1,130,6:06:48,6:18:39,6:39,272,500,,,,
17,A,17A1,529530,1976501,814,1,08/02/2014,2,128,6:09:44,6:10:33,6:37,30,800,,,,
17,A,17A1,529530,1976501,814,1,08/02/2014,3,133,6:12:47,6:13:18,6:27,140,800,,,,
17,A,17A1,529530,1976501,814,1,08/02/2014,4,149,6:15:43,6:15:07,6:35,200,900,,,,
17,A,17A1,529530,1976501,814,1,08/02/2014,5,129,6:23:32,6:23:52,6:42,80,1000,,,,
17,B,17B1,529875,1976870,777,1,08/02/2014,1,133,6:05:30,6:15:25,6:35,170,900,,,,
17,B,17B1,529875,1976870,777,1,08/02/2014,2,128,6:09:30,6:14:38,6:50,340,500,,,,
17,B,17B1,529875,1976870,777,1,08/02/2014,3,130,6:07:25,6:09:44,6:49,240,500,,,,
17,B,17B1,529875,1976870,777,1,08/02/2014,4,,6:15:05,,6:38,64,600,,,,
17,B,17B1,529875,1976870,777,1,08/02/2014,5,unident,6:34:05,6:42:36,6:48,272,1500,,,,
17,C,17C1,530212,1977164,795,1,08/02/2014,1,128,6:03:32,6:10:31,6:29,300,400,,,,
17,C,17C1,530212,1977164,795,1,08/02/2014,2,130,6:06:41,6:11:21,6:37,230,700,,,,
17,C,17C1,530212,1977164,795,1,08/02/2014,3,129,6:08:54,6:17:41,6:25,130,650,,,,
17,C,17C1,530212,1977164,795,1,08/02/2014,4,7,6:18:11,6:20:38,6:46,60,600,,,,
17,A,17A2,529530,1976501,814,2,09/02/2014,1,132,5:58:36,6:00:20,6:17,140,800,,,,
17,A,17A2,529530,1976501,814,2,09/02/2014,2,128,6:07:49,6:08:22,6:27,30,800,,,,
17,A,17A2,529530,1976501,814,2,09/02/2014,3,130,6:10:24,6:10:50,6:27,270,500,,,,
17,A,17A2,529530,1976501,814,2,09/02/2014,4,149,6:14:32,6:14:53,6:29,192,900,,,,
17,A,17A2,529530,1976501,814,2,09/02/2014,5,129,6:19:29,6:20:40,6:31,80,1000,,,,
17,A,17A2,529530,1976501,814,2,09/02/2014,6,148,6:23:40,6:23:12,6:35,170,800,,,,
17,B,17B2,529875,1976870,777,2,09/02/2014,1,132,6:02:23,6:12:06,6:23,140,1500,,,,
17,B,17B2,529875,1976870,777,2,09/02/2014,2,unident,6:03:05,6:04:09,6:20,237,900,,,,
17,B,17B2,529875,1976870,777,2,09/02/2014,3,128,6:06:05,6:08:54,6:26,3,500,,,,
17,B,17B2,529875,1976870,777,2,09/02/2014,4,unident,6:08:56,6:13:22,6:25,352,700,,,,
17,B,17B2,529875,1976870,777,2,09/02/2014,5,76,6:15:24,6:16:15,6:24,71,1500,,,,
17,B,17B2,529875,1976870,777,2,09/02/2014,6,unident,6:15:59,6:16:44,6:28,210,700,,,,
17,B,17B2,529875,1976870,777,2,09/02/2014,7,127,6:17:32,6:24:40,6:36,300,1000,,,,
17,B,17B2,529875,1976870,777,2,09/02/2014,8,148,6:24:48,6:30:46,6:37,185,900,,,,
17,B,17B2,529875,1976870,777,2,09/02/2014,9,,6:27:50,,6:35,30,800,,,,
17,B,17B2,529875,1976870,777,2,09/02/2014,10,unident,6:35:23,6:37:02,6:42,255,1000,,,,
17,B,17B2,529875,1976870,777,2,09/02/2014,11,unident,6:58:08,7:01:59,7:10,250,1000,,,,
17,C,17C2,530212,1977164,795,2,09/02/2014,1,unident,5:58:20,6:00:31,6:25,300,420,,,,
17,C,17C2,530212,1977164,795,2,09/02/2014,2,132,6:03:20,6:07:55,6:33,170,800,,,,
17,C,17C2,530212,1977164,795,2,09/02/2014,3,7,6:09:15,6:11:34,6:42,64,610,,,,
17,C,17C2,530212,1977164,795,2,09/02/2014,4,130,6:13:05,6:17:50,6:52,235,620,,,,
17,C,17C2,530212,1977164,795,2,09/02/2014,5,76,6:20:51,6:22:26,6:54,90,1000,,,,
17,A,17A3,529530,1976501,814,3,10/02/2014,1,133,6:04:17,6:08:30,6:23,140,800,,,,
17,A,17A3,529530,1976501,814,3,10/02/2014,2,128,6:08:40,6:09:20,6:25,30,700,,,,
17,A,17A3,529530,1976501,814,3,10/02/2014,3,130,6:10:02,6:12:31,6:26,270,600,,,,
17,A,17A3,529530,1976501,814,3,10/02/2014,4,149,6:18:42,6:19:15,6:26,200,900,,,,
17,A,17A3,529530,1976501,814,3,10/02/2014,5,129,6:22:12,6:22:43,6:28,80,900,,,,
17,A,17A3,529530,1976501,814,3,10/02/2014,6,148,6:25:33,6:25:04,6:32,170,800,,,,
17,A,17A3,529530,1976501,814,3,10/02/2014,7,unident,7:06:20,7:11:03,7:16,50,900,,,,
17,B,17B3,529875,1976870,777,3,10/02/2014,1,10,5:59:24,6:12:12,6:19,359,1000,,,,
17,B,17B3,529875,1976870,777,3,10/02/2014,2,130,6:03:45,6:09:06,6:25,238,600,,,,
17,B,17B3,529875,1976870,777,3,10/02/2014,3,149,6:10:05,6:14:42,6:20,214,1000,,,,
17,B,17B3,529875,1976870,777,3,10/02/2014,4,7,6:14:44,6:16:57,6:26,72,1500,,,,
17,B,17B3,529875,1976870,777,3,10/02/2014,5,129,6:22:55,6:23:39,6:29,96,1000,,,,
17,B,17B3,529875,1976870,777,3,10/02/2014,6,,7:08:18,,,75,800,,,,
17,C,17C3,530212,1977164,795,3,10/02/2014,1,130,6:03:30,6:08:14,6:24,220,620,,,,
17,C,17C3,530212,1977164,795,3,10/02/2014,2,7,6:10:54,6:12:20,6:28,95,800,,,,
17,A,17A4,529530,1976501,814,4,11/02/2014,1,133,6:18:43,6:18:32,6:26,143,800,,,,
17,A,17A4,529530,1976501,814,4,11/02/2014,2,128,6:20:27,6:23:59,6:37,35,800,,,,
17,A,17A4,529530,1976501,814,4,11/02/2014,3,129,6:25:03,6:28:43,6:55,80,800,,,,
17,B,17B4,529875,1976870,777,4,11/02/2014,1,128,6:20:18,6:20:19,6:31,342,900,,,,
17,B,17B4,529875,1976870,777,4,11/02/2014,2,129,6:18:56,6:37:50,6:46,100,800,,,,
17,B,17B4,529875,1976870,777,4,11/02/2014,3,7,6:33:26,6:39:15,6:42,70,800,,,,
17,B,17B4,529875,1976870,777,4,11/02/2014,4,132,6:38:15,6:44:18,6:54,164,1000,,,,
17,C,17C4,530212,1977164,795,4,11/02/2014,1,129,6:22:05,6:03:39,6:12,168,400,,,,
18,A,18A1,528727,1977498,688,1,12/02/2014,1,5,6:12:48,6:15:25,6:27,20,800,,,,
18,A,18A1,528727,1977498,688,1,12/02/2014,2,128,6:19:07,6:19:39,6:33,100,900,,,,
18,A,18A1,528727,1977498,688,1,12/02/2014,3,6,6:21:19,6:21:52,6:37,280,1000,,,,
18,A,18A1,528727,1977498,688,1,12/02/2014,4,130,6:29:54,6:29:21,6:46,160,700,,,,
18,A,18A1,528727,1977498,688,1,12/02/2014,5,140,6:30:30,6:31:53,6:59,70,800,,,,
18,A,18A1,528727,1977498,688,1,12/02/2014,6,145,6:30:39,6:36:57,7:04,330,900,,,,
18,B,18B1,528235,1977458,718,1,12/02/2014,1,5,6:11:26,6:12:31,6:38,50,1500,,,,
18,B,18B1,528235,1977458,718,1,12/02/2014,2,130,6:14:56,6:16:48,6:29,162,700,,,,
18,B,18B1,528235,1977458,718,1,12/02/2014,3,134,6:09:09,6:19:45,6:36,198,1000,,,,
18,B,18B1,528235,1977458,718,1,12/02/2014,4,128,6:20:55,6:24:14,6:48,103,1000,,,,
18,B,18B1,528235,1977458,718,1,12/02/2014,5,6,6:22:25,6:23:11,6:48,297,1000,,,,
18,B,18B1,528235,1977458,718,1,12/02/2014,6,126,6:23:22,6:25:39,6:53,258,900,,,,
18,B,18B1,528235,1977458,718,1,12/02/2014,7,140,6:27:54,6:28:12,6:40,58,600,,,,
18,C,18C1,527553,1977172,692,1,12/02/2014,1,134,6:14:29,6:19:40,6:53,180,500,,,,
18,C,18C1,527553,1977172,692,1,12/02/2014,2,6,6:20:34,6:26:00,6:55,10,520,,,,
18,C,18C1,527553,1977172,692,1,12/02/2014,3,,6:30:16,,6:40,280,700,,,,
18,A,18A2,528727,1977498,688,2,13/02/2014,1,159,6:08:08,6:10:45,6:27,20,800,,,,
18,A,18A2,528727,1977498,688,2,13/02/2014,2,128,6:14:43,6:15:15,6:31,100,800,,,,
18,A,18A2,528727,1977498,688,2,13/02/2014,3,130,6:16:51,6:17:14,6:33,160,700,,,,
18,A,18A2,528727,1977498,688,2,13/02/2014,4,140,6:20:06,6:20:37,6:37,70,800,,,,
18,A,18A2,528727,1977498,688,2,13/02/2014,5,127,6:25:55,6:26:11,6:39,130,700,,,,
18,A,18A2,528727,1977498,688,2,13/02/2014,6,5,6:31:05,6:32:26,6:49,40,800,,,,
18,A,18A2,528727,1977498,688,2,13/02/2014,7,6,6:33:15,6:33:36,7:10,280,900,,,,
18,B,18B2,528235,1977458,718,2,13/02/2014,1,145,6:08:30,6:12:40,6:22,4,1000,,,,
18,B,18B2,528235,1977458,718,2,13/02/2014,2,unident,6:14:53,6:33:04,6:35,148,700,,,,
18,B,18B2,528235,1977458,718,2,13/02/2014,3,140,6:17:17,6:16:48,6:29,70,700,,,,
18,B,18B2,528235,1977458,718,2,13/02/2014,4,130,6:18:07,6:18:28,6:38,144,900,,,,
18,B,18B2,528235,1977458,718,2,13/02/2014,5,134,6:17:05,6:18:41,6:48,190,1000,,,,
18,B,18B2,528235,1977458,718,2,13/02/2014,6,126,6:20:22,6:21:30,6:39,264,900,,,,
18,B,18B2,528235,1977458,718,2,13/02/2014,7,127,6:20:18,6:23:48,6:32,108,1000,,,,
18,B,18B2,528235,1977458,718,2,13/02/2014,8,5,6:28:42,6:38:32,6:50,58,1000,,,,
18,C,18C2,527553,1977172,692,2,13/02/2014,1,159,6:07:39,6:13:20,6:32,80,600,,,,
18,C,18C2,527553,1977172,692,2,13/02/2014,2,6,6:15:05,6:20:56,6:36,18,500,,,,
18,C,18C2,527553,1977172,692,2,13/02/2014,3,134,6:17:46,6:22:10,6:44,170,450,,,,
18,C,18C2,527553,1977172,692,2,13/02/2014,4,126,6:19:01,6:27:51,6:35,280,600,,,,
18,C,18C2,527553,1977172,692,2,13/02/2014,5,,6:40:37,,6:49,350,700,,,,
18,A,18A3,528727,1977498,688,3,14/02/2014,1,160,6:13:35,6:15:26,6:23,20,800,,,,
18,A,18A3,528727,1977498,688,3,14/02/2014,2,140,6:16:13,6:17:40,6:26,70,800,,,,
18,A,18A3,528727,1977498,688,3,14/02/2014,3,5,6:19:21,6:19:35,6:29,40,800,,,,
18,A,18A3,528727,1977498,688,3,14/02/2014,4,145,6:21:12,6:21:40,6:32,330,900,,,,
18,A,18A3,528727,1977498,688,3,14/02/2014,5,127,6:25:02,6:25:24,6:35,104,800,,,,
18,A,18A3,528727,1977498,688,3,14/02/2014,6,6,6:27:08,6:27:30,6:37,275,900,,,,
18,A,18A3,528727,1977498,688,3,14/02/2014,7,127,6:30:05,6:30:16,6:41,130,700,,,,
18,A,18A3,528727,1977498,688,3,14/02/2014,8,130,6:30:47,6:31:06,6:52,160,700,,,,
18,B,18B3,528235,1977458,718,3,14/02/2014,1,143,6:11:16,6:16:12,6:23,293,1000,,,,
18,B,18B3,528235,1977458,718,3,14/02/2014,2,140,6:17:25,6:16:20,6:24,76,700,,,,
18,B,18B3,528235,1977458,718,3,14/02/2014,3,,6:16:47,,6:20,18,1500,,,,
18,B,18B3,528235,1977458,718,3,14/02/2014,4,6,6:24:39,6:29:53,6:32,310,1000,,,,
18,B,18B3,528235,1977458,718,3,14/02/2014,5,127,6:26:25,6:27:58,6:34,102,1000,,,,
18,B,18B3,528235,1977458,718,3,14/02/2014,6,145,6:33:21,6:34:30,6:46,344,1500,,,,
18,B,18B3,528235,1977458,718,3,14/02/2014,7,159,6:41:02,6:45:42,6:49,50,1500,,,,
18,C,18C3,527553,1977172,692,3,14/02/2014,1,126,6:08:10,6:12:20,6:27,280,600,,,,
18,C,18C3,527553,1977172,692,3,14/02/2014,2,160,6:15:05,6:20:55,6:31,80,600,,,,
18,C,18C3,527553,1977172,692,3,14/02/2014,3,,6:24:00,,6:45,356,680,,,,
18,A,18A4,528727,1977498,688,4,15/02/2014,1,5,6:00:54,6:02:17,6:19,20,800,,,,
18,A,18A4,528727,1977498,688,4,15/02/2014,2,127,6:04:21,6:05:37,6:29,107,800,,,,
18,A,18A4,528727,1977498,688,4,15/02/2014,3,130,6:13:22,6:13:52,6:23,160,700,,,,
18,A,18A4,528727,1977498,688,4,15/02/2014,4,145,6:16:05,6:16:24,6:43,330,800,,,,
18,A,18A4,528727,1977498,688,4,15/02/2014,5,unident,6:17:40,6:17:05,6:52,46,800,,,,
18,A,18A4,528727,1977498,688,4,15/02/2014,6,6,6:20:54,6:21:13,6:44,273,900,,,,
18,A,18A4,528727,1977498,688,4,15/02/2014,7,140,6:25:28,6:25:57,6:58,70,800,,,,
18,B,18B4,528235,1977458,718,4,15/02/2014,1,5,6:01:10,6:04:30,6:20,30,1000,,,,
18,B,18B4,528235,1977458,718,4,15/02/2014,2,127,6:04:04,6:06:37,6:23,104,1000,,,,
18,B,18B4,528235,1977458,718,4,15/02/2014,3,130,6:08:37,6:13:18,6:18,151,1500,,,,
18,B,18B4,528235,1977458,718,4,15/02/2014,4,140,6:12:30,6:15:30,6:25,45,1500,,,,
18,B,18B4,528235,1977458,718,4,15/02/2014,5,143,6:15:00,6:16:21,6:25,311,1000,,,,
18,B,18B4,528235,1977458,718,4,15/02/2014,6,140,6:15:08,6:17:38,6:30,82,1000,,,,
18,B,18B4,528235,1977458,718,4,15/02/2014,7,126,6:16:42,6:18:26,6:32,258,1000,,,,
18,B,18B4,528235,1977458,718,4,15/02/2014,8,145,6:25:30,6:33:39,6:52,12,1000,,,,
18,B,18B4,528235,1977458,718,4,15/02/2014,9,6,6:28:02,6:29:13,6:53,308,600,,,,
18,B,18B4,528235,1977458,718,4,15/02/2014,10,137,6:28:05,6:33:09,6:40,230,1500,,,,
18,B,18B4,528235,1977458,718,4,15/02/2014,11,unident,6:39:35,6:42:33,6:58,43,2000,,,,
18,B,18B4,528235,1977458,718,4,15/02/2014,12,142,6:55:08,6:58:00,7:18,10,1000,,,,
18,C,18C4,527553,1977172,692,4,15/02/2014,1,160,5:57:11,6:05:35,6:07,86,600,,,,
18,C,18C4,527553,1977172,692,4,15/02/2014,2,6,5:59:09,6:01:05,6:30,20,500,,,,
18,C,18C4,527553,1977172,692,4,15/02/2014,3,134,6:09:50,6:13:47,6:35,175,520,,,,
18,C,18C4,527553,1977172,692,4,15/02/2014,4,126,6:11:56,6:16:45,6:24,275,600,,,,
18,C,18C4,527553,1977172,692,4,15/02/2014,5,,6:14:08,,6:54,0,700,,,,
19,A,19A1,536227,1973749,874,1,12/03/2014,1,52,6:15:29,6:17:51,6:34,284,1000,,,,
19,A,19A1,536227,1973749,874,1,12/03/2014,2,51,6:22:42,6:32:55,6:43,10,1100,,,,
19,B,19B1,536081,1974180,904,1,12/03/2014,1,52,6:19:10,6:20:27,6:23,270,1000,,,,
19,B,19B1,536081,1974180,904,1,12/03/2014,2,51,6:20:39,6:27:36,6:40,45,300,,,,
19,C,19C1,535915,1974589,951,1,12/03/2014,1,52,6:14:46,6:15:16,6:32,215,600,,,,
19,C,19C1,535915,1974589,951,1,12/03/2014,2,51,6:20:23,6:28:23,6:40,96,700,,,,
19,A,19A2,536227,1973749,874,2,13/03/2014,1,51,6:02:58,6:11:03,6:26,10,1100,,,,
19,A,19A2,536227,1973749,874,2,13/03/2014,2,,6:10:04,,6:21,286,1000,,,,
19,B,19B2,536081,1974180,904,2,13/03/2014,1,50,5:57:17,5:58:33,6:04,210,700,,,,
19,B,19B2,536081,1974180,904,2,13/03/2014,2,51,6:00:50,6:15:14,6:24,30,400,,,,
19,C,19C2,535915,1974589,951,2,13/03/2014,1,50,5:55:22,5:56:20,6:03,203,700,,,,
19,C,19C2,535915,1974589,951,2,13/03/2014,2,51,6:00:10,6:15:21,6:24,50,700,,,,
19,C,19C2,535915,1974589,951,2,13/03/2014,3,151,6:14:20,6:16:58,6:22,220,1500,,,,
19,A,19A3,536227,1973749,874,3,14/03/2014,0,,,,,,,,,,
19,B,19B3,536081,1974180,904,3,14/03/2014,0,,,,,,,,,,
19,C,19C3,535915,1974589,951,3,14/03/2014,0,,,,,,,,,,
19,A,19A4,536227,1973749,874,4,15/03/2014,0,,,,,,,,,,
19,B,19B4,536081,1974180,904,4,15/03/2014,0,,,,,,,,,,
19,C,19C4,535915,1974589,951,4,15/03/2014,0,,,,,,,,,,
20,A,20A1,535970,1976181,1128,1,16/03/2014,1,,6:08:37,,6:28,280,600,,,,
20,B,20B1,535641,1975847,1019,1,16/03/2014,1,43,5:53:03,5:54:16,6:06,260,1500,,,,
20,B,20B1,535641,1975847,1019,1,16/03/2014,2,,6:04:39,,6:24,290,1000,,,,
20,C,20C1,535850,1975530,1052,1,16/03/2014,1,43,5:53:03,5:53:19,6:04,242,1500,,,,
20,C,20C1,535850,1975530,1052,1,16/03/2014,2,48,5:57:01,5:58:39,6:23,312,700,,,,
20,A,20A2,535970,1976181,1128,2,17/03/2014,1,48,5:46:01,5:50:45,6:05,270,650,,,,
20,A,20A2,535970,1976181,1128,2,17/03/2014,2,47,5:48:29,6:02:05,6:07,290,500,,,,
20,B,20B2,535641,1975847,1019,2,17/03/2014,1,46,5:43:41,5:45:30,6:01,228,700,,,,
20,B,20B2,535641,1975847,1019,2,17/03/2014,2,47,5:48:00,5:48:28,5:52,323,1000,,,,
20,B,20B2,535641,1975847,1019,2,17/03/2014,3,48,5:50:00,5:51:08,6:03,289,1000,,,,
20,C,20C2,535850,1975530,1052,2,17/03/2014,1,46,5:43:00,5:45:44,6:01,265,700,,,,
20,C,20C2,535850,1975530,1052,2,17/03/2014,2,4,5:46:08,5:49:35,6:00,0,1500,,,,
20,C,20C2,535850,1975530,1052,2,17/03/2014,3,48,nr,5:52:10,6:03,302,800,,,,
20,C,20C2,535850,1975530,1052,2,17/03/2014,4,51,6:09:48,6:15:56,6:20,156,1000,,,,
20,C,20C2,535850,1975530,1052,2,17/03/2014,5,52,nr,6:18:10,6:28,190,1000,,,,
20,A,20A3,535970,1976181,1128,3,18/03/2014,1,46,5:13:50,5:17:04,5:40,276,680,,,,
20,A,20A3,535970,1976181,1128,3,18/03/2014,2,48,5:48:46,5:58:19,6:17,280,650,,,,
20,B,20B3,535641,1975847,1019,3,18/03/2014,1,46,5:13:36,5:16:07,5:30,250,800,,,,
20,B,20B3,535641,1975847,1019,3,18/03/2014,2,49,5:30:00,,5:41,240,1500,,,,
20,B,20B3,535641,1975847,1019,3,18/03/2014,3,48,5:47:50,5:51:10,6:14,285,800,,,,
20,C,20C3,535850,1975530,1052,3,18/03/2014,1,46,5:13:05,5:16:07,5:29,317,700,,,,
20,C,20C3,535850,1975530,1052,3,18/03/2014,2,48,5:48:19,5:51:13,6:12,275,1000,,,,
20,A,20A4,535970,1976181,1128,4,19/03/2014,1,,5:30:31,,5:59,290,600,,,,
20,A,20A4,535970,1976181,1128,4,19/03/2014,2,48,5:33:13,5:55:09,6:13,260,700,,,,
20,B,20B4,535641,1975847,1019,4,19/03/2014,1,49,5:25:24,5:29:50,5:47,234,1000,,,,
20,B,20B4,535641,1975847,1019,4,19/03/2014,2,49,5:28:36,5:30:26,5:39,260,800,,,,
20,B,20B4,535641,1975847,1019,4,19/03/2014,3,43,5:44:15,5:46:00,6:06,260,1000,,,,
20,C,20C4,535850,1975530,1052,4,19/03/2014,1,49,5:28:37,5:30:11,5:46,260,1500,,,,
20,C,20C4,535850,1975530,1052,4,19/03/2014,2,43,5:45:52,5:48:09,5:58,272,1000,,,,
21,A,21A1,533450,1975310,756,1,20/03/2014,1,45,5:37:21,5:45:31,6:10,40,600,,,,
21,A,21A1,533450,1975310,756,1,20/03/2014,2,,6:19:30,,6:18,236,500,,,,
21,B,21B1,533710,1975526,772,1,20/03/2014,1,,5:22:00,,5:35,196,1000,,,,
21,B,21B1,533710,1975526,772,1,20/03/2014,2,unident,5:33:46,5:36:13,5:41,150,1500,,,,
21,B,21B1,533710,1975526,772,1,20/03/2014,3,45,5:38:30,5:45:39,6:06,50,300,,,,
21,B,21B1,533710,1975526,772,1,20/03/2014,4,39,nr,6:10:20,6:16,230,1500,,,,
21,C,21C1,534096,1975874,791,1,20/03/2014,1,,5:26:08,,5:35,197,1500,,,,
21,C,21C1,534096,1975874,791,1,20/03/2014,2,,5:33:48,,5:41,221,1500,,,,
21,C,21C1,534096,1975874,791,1,20/03/2014,3,45,5:37:59,5:45:23,6:07,278,300,,,,
21,A,21A2,533450,1975310,756,2,21/03/2014,1,44,5:51:08,5:51:59,6:11,92,500,,,,
21,B,21B2,533710,1975526,772,2,21/03/2014,1,44,5:50:58,5:52:00,6:02,154,100,,,,
21,C,21C2,534096,1975874,791,2,21/03/2014,1,44,5:51:16,5:53:37,6:02,210,800,,,,
21,A,21A3,533450,1975310,756,3,22/03/2014,1,45,5:50:14,5:59:01,6:06,60,500,,,,
21,B,21B3,533710,1975526,772,3,22/03/2014,1,45,5:49:56,5:51:58,6:01,90,100,,,,
21,C,21C3,534096,1975874,791,3,22/03/2014,1,45,5:50:02,5:51:47,6:00,200,800,,,,
21,A,21A4,533450,1975310,756,4,23/03/2014,1,44,5:49:48,5:59:03,6:07,100,600,,,,
21,A,21A4,533450,1975310,756,4,23/03/2014,2,45,6:01:39,6:02:10,6:15,60,500,,,,
21,A,21A4,533450,1975310,756,4,23/03/2014,3,,6:10:03,,6:17,160,680,,,,
21,B,21B4,533710,1975526,772,4,23/03/2014,1,49,5:49:00,5:50:55,6:03,110,1000,,,,
21,B,21B4,533710,1975526,772,4,23/03/2014,2,43,5:56:10,6:01:30,6:14,70,600,,,,
21,C,21C4,534096,1975874,791,4,23/03/2014,1,49,5:50:48,5:53:11,6:10,126,800,,,,
21,C,21C4,534096,1975874,791,4,23/03/2014,2,43,5:54:50,6:01:19,6:14,145,500,,,,
22,A,22A1,532006,1974688,811,1,24/03/2014,1,42,5:48:47,5:49:39,6:25,40,500,,,,
22,A,22A1,532006,1974688,811,1,24/03/2014,2,41,5:50:30,5:52:29,6:01,250,400,,,,
22,A,22A1,532006,1974688,811,1,24/03/2014,3,,5:56:58,,6:05,330,500,,,,
22,B,22B1,532052,1975046,776,1,24/03/2014,1,42,5:37:56,5:55:43,6:13,83,200,,,,
22,B,22B1,532052,1975046,776,1,24/03/2014,2,,nr,5:42:10,5:49,80,1500,,,,
22,B,22B1,532052,1975046,776,1,24/03/2014,3,41,5:48:26,5:50:14,5:59,220,1500,,,,
22,B,22B1,532052,1975046,776,1,24/03/2014,4,,5:49:00,,5:59,315,1500,,,,
22,B,22B1,532052,1975046,776,1,24/03/2014,5,,5:56:03,,6:24,40,600,,,,
22,C,22C1,532452,1975501,779,1,24/03/2014,1,42,5:37:58,5:51:37,5:54,220,600,,,,
22,C,22C1,532452,1975501,779,1,24/03/2014,2,37,5:46:10,5:50:28,6:02,300,1000,,,,
22,C,22C1,532452,1975501,779,1,24/03/2014,3,unident,5:54:18,5:55:27,6:13,210,400,,,,
22,C,22C1,532452,1975501,779,1,24/03/2014,4,,6:00:29,,6:24,70,400,,,,
22,A,22A2,532006,1974688,811,2,25/03/2014,1,42,5:26:35,5:28:10,5:58,40,500,,,,
22,A,22A2,532006,1974688,811,2,25/03/2014,2,39,5:30:58,5:32:16,5:50,110,400,,,,
22,A,22A2,532006,1974688,811,2,25/03/2014,3,41,5:35:22,5:38:11,5:48,170,300,,,,
22,A,22A2,532006,1974688,811,2,25/03/2014,4,38,5:53:34,5:55:35,5:59,320,600,,,,
22,B,22B2,532052,1975046,776,2,25/03/2014,1,40,5:28:00,5:28:17,5:48,60,800,,,,
22,B,22B2,532052,1975046,776,2,25/03/2014,2,39,5:30:00,5:32:57,5:47,160,600,,,,
22,B,22B2,532052,1975046,776,2,25/03/2014,3,41,5:38:50,5:40:25,5:45,234,1000,,,,
22,B,22B2,532052,1975046,776,2,25/03/2014,4,39,nr,5:49:02,5:59,295,700,,,,
22,B,22B2,532052,1975046,776,2,25/03/2014,5,131,nr,6:14:26,6:20,305,1500,,,,
22,C,22C2,532452,1975501,779,2,25/03/2014,1,40,5:27:30,5:29:05,5:46,77,400,,,,
22,C,22C2,532452,1975501,779,2,25/03/2014,2,42,5:29:25,5:32:40,5:49,186,400,,,,
22,C,22C2,532452,1975501,779,2,25/03/2014,3,39,nr,5:36:11,5:58,175,600,,,,
22,C,22C2,532452,1975501,779,2,25/03/2014,4,45,nr,5:37:29,5:50,65,1000,,,,
22,C,22C2,532452,1975501,779,2,25/03/2014,5,131,nr,5:43:48,6:00,272,1500,,,,
22,C,22C2,532452,1975501,779,2,25/03/2014,6,unident,nr,5:44:59,5:57,325,1500,,,,
22,C,22C2,532452,1975501,779,2,25/03/2014,7,37,6:08:34,6:17:07,6:26,304,1500,,,,
22,A,22A3,532006,1974688,811,3,26/03/2014,1,39,5:32:46,5:33:53,5:56,40,510,,,,
22,A,22A3,532006,1974688,811,3,26/03/2014,2,42,5:38:00,5:40:21,5:53,10,500,,,,
22,A,22A3,532006,1974688,811,3,26/03/2014,3,41,5:50:20,5:52:05,5:57,220,450,,,,
22,A,22A3,532006,1974688,811,3,26/03/2014,4,,6:06:40,,6:12,280,1000,,,,
22,B,22B3,532052,1975046,776,3,26/03/2014,1,40,5:26:10,5:27:47,5:51,80,1500,,,,
22,B,22B3,532052,1975046,776,3,26/03/2014,2,42,5:32:15,5:36:40,5:45,25,300,,,,
22,B,22B3,532052,1975046,776,3,26/03/2014,3,,5:40:00,,5:49,190,2000,,,,
22,B,22B3,532052,1975046,776,3,26/03/2014,4,41,5:45:14,5:49:50,5:57,200,900,,,,
22,B,22B3,532052,1975046,776,3,26/03/2014,5,,6:00:00,,6:12,290,1500,,,,
22,C,22C3,532452,1975501,779,3,26/03/2014,1,40,5:24:53,5:26:13,5:43,90,800,,,,
22,C,22C3,532452,1975501,779,3,26/03/2014,2,42,5:31:50,5:36:26,5:45,244,150,,,,
22,C,22C3,532452,1975501,779,3,26/03/2014,3,39,5:40:27,5:55:40,6:00,195,1000,,,,
22,C,22C3,532452,1975501,779,3,26/03/2014,4,37,nr,5:48:56,5:56,306,1500,,,,
22,C,22C3,532452,1975501,779,3,26/03/2014,5,38,nr,5:51:00,6:01,241,1000,,,,
22,A,22A4,532006,1974688,811,4,27/03/2014,1,41,5:30:22,5:36:30,5:45,250,300,,,,
22,A,22A4,532006,1974688,811,4,27/03/2014,2,42,5:47:53,5:57:29,5:59,40,520,,,,
22,B,22B4,532052,1975046,776,4,27/03/2014,1,41,5:30:43,5:36:30,5:43,203,600,,,,
22,B,22B4,532052,1975046,776,4,27/03/2014,2,,5:42:30,,5:43,75,1500,,,,
22,B,22B4,532052,1975046,776,4,27/03/2014,3,,5:46:29,,5:54,260,1500,,,,
22,B,22B4,532052,1975046,776,4,27/03/2014,4,3,5:45:00,5:48:30,5:54,200,1200,,,,
22,B,22B4,532052,1975046,776,4,27/03/2014,5,,5:48:00,,5:54,350,1000,,,,
22,B,22B4,532052,1975046,776,4,27/03/2014,6,,6:22:06,,6:23,300,1500,,,,
22,C,22C4,532452,1975501,779,4,27/03/2014,1,42,5:30:32,5:36:16,5:45,215,600,,,,
22,C,22C4,532452,1975501,779,4,27/03/2014,2,45,nr,5:44:46,5:51,60,1500,,,,
22,C,22C4,532452,1975501,779,4,27/03/2014,3,37,5:44:22,5:45:35,5:57,313,1000,,,,
22,C,22C4,532452,1975501,779,4,27/03/2014,4,41,nr,5:48:45,5:59,209,1000,,,,
23,A,23A1,533828,1973511,725,1,28/03/2014,1,35,5:35:55,5:36:22,5:58,280,400,,,,
23,A,23A1,533828,1973511,725,1,28/03/2014,2,36,5:44:25,5:49:10,6:00,340,500,,,,
23,A,23A1,533828,1973511,725,1,28/03/2014,3,34,5:55:26,5:59:09,6:09,140,450,,,,
23,A,23A1,533828,1973511,725,1,28/03/2014,4,,6:01:34,,6:15,310,800,,,,
23,B,23B1,533933,1973925,737,1,28/03/2014,1,44,5:30:35,5:32:54,5:48,348,1000,,,,
23,B,23B1,533933,1973925,737,1,28/03/2014,2,31,5:32:16,5:35:02,5:48,267,900,,,,
23,B,23B1,533933,1973925,737,1,28/03/2014,3,34,5:43:19,5:44:30,6:02,162,900,,,,
23,B,23B1,533933,1973925,737,1,28/03/2014,4,36,5:46:00,5:47:23,6:01,295,400,,,,
23,B,23B1,533933,1973925,737,1,28/03/2014,5,,6:00:18,,6:11,300,500,,,,
23,B,23B1,533933,1973925,737,1,28/03/2014,6,52,nr,6:03:10,6:04,73,1500,,,,
23,C,23C1,534136,1974322,753,1,28/03/2014,1,44,5:30:19,5:36:52,5:58,340,900,,,,
23,C,23C1,534136,1974322,753,1,28/03/2014,2,31,5:34:08,5:34:48,5:50,263,1000,,,,
23,C,23C1,534136,1974322,753,1,28/03/2014,3,35,nr,5:39:25,6:00,217,1000,,,,
23,C,23C1,534136,1974322,753,1,28/03/2014,4,,6:00:01,,6:11,290,1000,,,,
23,A,23A2,533828,1973511,725,2,29/03/2014,1,36,5:36:37,5:41:42,5:57,344,450,,,,
23,B,23B2,533933,1973925,737,2,29/03/2014,1,,5:29:48,5:45:00,5:28,271,1000,,,,
23,B,23B2,533933,1973925,737,2,29/03/2014,2,36,5:37:14,5:41:35,5:56,272,400,,,,
23,B,23B2,533933,1973925,737,2,29/03/2014,3,34,5:45:20,5:52:14,5:55,165,1000,,,,
23,C,23C2,534136,1974322,753,2,29/03/2014,1,36,5:37:46,5:41:16,5:56,260,800,,,,
23,C,23C2,534136,1974322,753,2,29/03/2014,2,33,5:40:11,5:42:19,6:00,298,1000,,,,
23,C,23C2,534136,1974322,753,2,29/03/2014,3,,5:42:10,,5:58,188,1500,,,,
23,A,23A3,533828,1973511,725,3,30/03/2014,1,32,5:25:56,5:27:26,5:47,20,600,,,,
23,A,23A3,533828,1973511,725,3,30/03/2014,2,34,5:43:05,5:53:06,5:55,90,500,,,,
23,A,23A3,533828,1973511,725,3,30/03/2014,3,,5:46:50,,5:52,280,520,,,,
23,B,23B3,533933,1973925,737,3,30/03/2014,1,32,5:20:38,5:24:48,5:45,15,600,,,,
23,B,23B3,533933,1973925,737,3,30/03/2014,2,36,5:31:42,5:37:00,5:46,345,400,,,,
23,B,23B3,533933,1973925,737,3,30/03/2014,3,34,5:36:35,5:37:42,5:53,164,1000,,,,
23,B,23B3,533933,1973925,737,3,30/03/2014,4,31,5:43:00,5:44:54,5:48,270,1000,,,,
23,C,23C3,534136,1974322,753,3,30/03/2014,1,32,5:23:48,5:24:42,5:46,309,400,,,,
23,C,23C3,534136,1974322,753,3,30/03/2014,2,44,5:31:44,5:36:32,5:50,347,900,,,,
23,C,23C3,534136,1974322,753,3,30/03/2014,3,31,5:42:30,5:43:40,5:57,237,1000,,,,
23,A,23A4,533828,1973511,725,4,31/03/2014,1,36,5:33:52,5:40:14,5:45,344,600,,,,
23,A,23A4,533828,1973511,725,4,31/03/2014,2,161,5:37:20,5:39:40,5:47,310,500,,,,
23,A,23A4,533828,1973511,725,4,31/03/2014,3,28,5:38:40,5:52:02,6:03,212,1000,,,,
23,A,23A4,533828,1973511,725,4,31/03/2014,4,35,5:42:01,5:49:54,6:06,280,450,,,,
23,B,23B4,533933,1973925,737,4,31/03/2014,1,33,5:29:49,5:31:30,5:38,328,800,,,,
23,B,23B4,533933,1973925,737,4,31/03/2014,2,31,5:33:05,5:36:19,5:47,278,1000,,,,
23,B,23B4,533933,1973925,737,4,31/03/2014,3,36,5:35:00,5:36:44,5:38,310,600,,,,
23,B,23B4,533933,1973925,737,4,31/03/2014,4,35,5:46:35,5:47:32,5:59,220,1000,,,,
23,B,23B4,533933,1973925,737,4,31/03/2014,5,161,nr,5:49:55,6:00,255,1000,,,,
23,B,23B4,533933,1973925,737,4,31/03/2014,6,151,nr,5:50:42,6:06,120,1000,,,,
23,B,23B4,533933,1973925,737,4,31/03/2014,7,34,nr,5:51:30,6:03,165,1000,,,,
23,C,23C4,534136,1974322,753,4,31/03/2014,1,unident,5:28:37,5:31:22,5:47,319,900,,,,
23,C,23C4,534136,1974322,753,4,31/03/2014,2,36,5:30:20,5:36:36,5:48,285,400,,,,
23,C,23C4,534136,1974322,753,4,31/03/2014,3,33,5:31:21,5:36:05,5:46,281,900,,,,
23,C,23C4,534136,1974322,753,4,31/03/2014,4,161,5:35:19,5:45:58,5:54,240,1000,,,,
24,A,24A1,533818,1971617,750,1,01/04/2014,1,,5:37:22,,5:52,240,900,,,,
24,A,24A1,533818,1971617,750,1,01/04/2014,2,26,5:45:50,5:48:31,6:08,20,800,,,,
24,A,24A1,533818,1971617,750,1,01/04/2014,3,29,5:50:53,5:57:18,6:10,310,400,,,,
24,B,24B1,533566,1972326,723,1,01/04/2014,1,28,5:50:34,5:50:43,6:00,300,800,,,,
24,B,24B1,533566,1972326,723,1,01/04/2014,2,34,5:43:15,5:45:46,6:05,35,1000,,,,
24,B,24B1,533566,1972326,723,1,01/04/2014,3,29,5:53:26,5:54:20,6:00,260,700,,,,
24,B,24B1,533566,1972326,723,1,01/04/2014,4,27,6:01:38,6:02:10,6:11,255,300,,,,
24,B,24B1,533566,1972326,723,1,01/04/2014,5,30,7:10:20,7:10:20,7:21,25,600,,,,
24,C,24C1,534066,1972535,712,1,01/04/2014,1,,5:36:54,,5:50,222,1000,,,,
24,C,24C1,534066,1972535,712,1,01/04/2014,2,,5:37:38,,5:48,307,1500,,,,
24,C,24C1,534066,1972535,712,1,01/04/2014,3,34,5:40:08,5:42:19,6:06,25,500,,,,
24,C,24C1,534066,1972535,712,1,01/04/2014,4,28,5:48:05,5:50:37,6:05,295,600,,,,
24,C,24C1,534066,1972535,712,1,01/04/2014,5,29,5:53:31,5:54:09,6:11,246,800,,,,
24,C,24C1,534066,1972535,712,1,01/04/2014,6,30,7:08:15,7:10:01,7:20,290,600,,,,
24,A,24A2,533818,1971617,750,2,02/04/2014,1,24,5:35:21,nr,6:10,20,750,,,,
24,A,24A2,533818,1971617,750,2,02/04/2014,2,23,5:39:19,5:41:45,5:55,240,900,,,,
24,B,24B2,533566,1972326,723,2,02/04/2014,1,28,5:33:20,5:40:11,5:48,300,1000,,,,
24,B,24B2,533566,1972326,723,2,02/04/2014,2,23,5:37:59,5:42:06,5:56,235,1000,,,,
24,B,24B2,533566,1972326,723,2,02/04/2014,3,27,nr,5:57:51,6:08,278,800,,,,
24,C,24C2,534066,1972535,712,2,02/04/2014,1,24,5:34:27,5:38:21,6:05,104,700,,,,
24,C,24C2,534066,1972535,712,2,02/04/2014,2,23,5:36:25,5:39:32,5:50,222,800,,,,
24,C,24C2,534066,1972535,712,2,02/04/2014,3,34,5:35:42,5:37:48,5:47,0,1000,,,,
24,C,24C2,534066,1972535,712,2,02/04/2014,4,30,5:41:09,5:40:02,5:46,290,900,,,,
24,C,24C2,534066,1972535,712,2,02/04/2014,5,28,5:57:32,5:58:33,6:07,280,700,,,,
24,A,24A3,533818,1971617,750,3,03/04/2014,1,,5:17:50,,5:27,0,700,,,,
24,A,24A3,533818,1971617,750,3,03/04/2014,2,23,5:21:30,5:21:32,5:33,240,800,,,,
24,A,24A3,533818,1971617,750,3,03/04/2014,3,24,5:24:41,5:29:59,5:53,25,700,,,,
24,A,24A3,533818,1971617,750,3,03/04/2014,4,29,5:48:55,5:50:31,5:52,310,450,,,,
24,A,24A3,533818,1971617,750,3,03/04/2014,5,,6:57:18,,7:02,30,1000,,,,
24,B,24B3,533566,1972326,723,3,03/04/2014,1,23,5:18:30,5:21:35,5:32,170,500,,,,
24,B,24B3,533566,1972326,723,3,03/04/2014,2,24,5:22:26,5:23:44,5:41,78,700,,,,
24,B,24B3,533566,1972326,723,3,03/04/2014,3,35,5:25:03,5:25:15,5:35,327,1000,,,,
24,B,24B3,533566,1972326,723,3,03/04/2014,4,26,5:32:50,5:34:15,5:56,90,1000,,,,
24,B,24B3,533566,1972326,723,3,03/04/2014,5,29,5:38:38,5:41:17,5:51,260,400,,,,
24,C,24C3,534066,1972535,712,3,03/04/2014,1,23,5:18:42,5:22:21,5:33,212,800,,,,
24,C,24C3,534066,1972535,712,3,03/04/2014,2,24,5:21:15,5:23:18,5:56,114,600,,,,
24,C,24C3,534066,1972535,712,3,03/04/2014,3,35,5:22:18,5:30:21,5:43,325,900,,,,
24,C,24C3,534066,1972535,712,3,03/04/2014,4,34,5:37:26,5:38:40,5:52,16,1000,,,,
24,C,24C3,534066,1972535,712,3,03/04/2014,5,29,5:40:18,5:41:07,5:51,252,800,,,,
24,C,24C3,534066,1972535,712,3,03/04/2014,6,151,nr,6:14:44,6:17,38,900,,,,
24,A,24A4,533818,1971617,750,4,04/04/2014,1,26,5:47:05,5:52:22,6:04,20,650,,,,
24,A,24A4,533818,1971617,750,4,04/04/2014,2,29,5:50:40,5:51:45,6:05,310,500,,,,
24,B,24B4,533566,1972326,723,4,04/04/2014,1,29,5:46:32,5:48:24,5:57,255,1000,,,,
24,B,24B4,533566,1972326,723,4,04/04/2014,2,24,5:47:00,5:50:16,6:07,75,1000,,,,
24,B,24B4,533566,1972326,723,4,04/04/2014,3,26,5:52:10,5:54:30,6:21,87,800,,,,
24,C,24C4,534066,1972535,712,4,04/04/2014,1,24,5:46:58,5:50:02,6:21,102,600,,,,
24,C,24C4,534066,1972535,712,4,04/04/2014,2,29,5:50:48,nr,6:05,246,1000,,,,
24,C,24C4,534066,1972535,712,4,04/04/2014,3,34,nr,6:05:40,6:10,0,1000,,,,
24,C,24C4,534066,1972535,712,4,04/04/2014,4,151,nr,6:11:12,6:20,33,2000,,,,
25,A,25A1,527175,1970501,685,1,27/04/2014,1,22,5:48:06,5:51:40,5:58,30,700,,,,
25,B,25B1,527413,1970896,596,1,27/04/2014,1,22,5:19:00,5:39:52,5:56,52,900,,,,
25,C,25C1,527660,1971334,660,1,27/04/2014,1,22,5:19:43,5:39:59,6:01,60,600,,,,
25,A,25A2,527175,1970501,685,2,28/04/2014,1,22,5:29:13,5:29:36,5:45,26,700,,,,
25,B,25B2,527413,1970896,596,2,28/04/2014,1,22,5:24:50,5:25:24,5:36,40,1000,,,,
25,C,25C2,527660,1971334,660,2,28/04/2014,1,22,5:25:05,5:26:37,5:47,6,500,,,,
25,A,25A3,527175,1970501,685,3,29/04/2014,1,162,5:39:28,5:39:10,5:54,20,800,,,,
25,B,25B3,527413,1970896,596,3,29/04/2014,1,162,5:33:41,5:39:39,5:51,72,400,,,,
25,C,25C3,527660,1971334,660,3,29/04/2014,1,162,5:43:17,5:49:01,6:03,130,400,,,,
25,A,25A4,527175,1970501,685,4,30/04/2014,1,22,5:37:56,5:41:24,5:58,25,700,,,,
25,B,25B4,527413,1970896,596,4,30/04/2014,1,22,5:37:05,5:42:03,5:54,42,400,,,,
25,C,25C4,527660,1971334,660,4,30/04/2014,1,22,5:33:56,5:47:18,6:09,18,500,,,,
26,A,26A1,527645,1972878,864,1,01/05/2014,1,19,5:10:08,5:21:15,5:30,300,900,,,,
26,A,26A1,527645,1972878,864,1,01/05/2014,2,20,5:24:19,5:26:12,5:45,72,1000,,,,
26,B,26B1,528122,1973211,809,1,01/05/2014,1,21,,5:23:27,5:40,20,600,,,,
26,C,26C1,528477,1973290,862,1,01/05/2014,1,20,5:39:18,5:50:03,6:11,60,650,,,,
26,C,26C1,528477,1973290,862,1,01/05/2014,2,,5:35:08,,6:28,240,500,,,,
26,A,26A2,527645,1972878,864,2,02/05/2014,1,21,5:47:34,5:57:09,6:04,10,750,,,,
26,B,26B2,528122,1973211,809,2,02/05/2014,1,12,5:30:09,5:33:27,5:43,145,1500,,,,
26,B,26B2,528122,1973211,809,2,02/05/2014,2,21,5:46:20,5:48:50,6:03,16,1000,,,,
26,C,26C2,528477,1973290,862,2,02/05/2014,1,20,5:39:17,6:13:00,6:18,60,700,,,,
26,C,26C2,528477,1973290,862,2,02/05/2014,2,21,5:52:44,nr,6:20,350,600,,,,
26,C,26C2,528477,1973290,862,2,02/05/2014,3,,5:59:07,,6:34,240,500,,,,
26,A,26A3,527645,1972878,864,3,03/05/2014,1,20,5:22:51,5:21:15,5:32,66,700,,,,
26,B,26B3,528122,1973211,809,3,03/05/2014,1,21,5:21:03,5:23:42,5:40,130,1500,,,,
26,B,26B3,528122,1973211,809,3,03/05/2014,2,20,5:24:34,5:25:37,5:33,52,1000,,,,
26,C,26C3,528477,1973290,862,3,03/05/2014,1,20,5:29:19,5:32:05,5:44,110,,,,,
26,C,26C3,528477,1973290,862,3,03/05/2014,2,,5:30:47,,6:00,352,600,,,,
26,A,26A4,527645,1972878,864,4,04/05/2014,1,20,5:07:39,5:12:09,5:18,70,700,,,,
26,B,26B4,528122,1973211,809,4,04/05/2014,1,21,6:20:25,5:21:49,6:32,0,1000,,,,
26,C,26C4,528477,1973290,862,4,04/05/2014,1,21,6:22:20,6:23:44,6:33,352,650,,,,
27,A,27A1,529452,1972591,775,1,05/05/2014,0,,,,,,,,,,
27,B,27B1,529855,1972877,771,1,05/05/2014,0,,,,,,,,,,
27,C,27C1,530206,1973159,785,1,05/05/2014,1,17,5:25:12,5:37:40,6:02,10,800,,,,
27,A,27A2,529452,1972591,775,2,06/05/2014,1,12,5:17:30,5:19:00,5:27,170,700,,,,
27,A,27A2,529452,1972591,775,2,06/05/2014,2,18,5:20:41,5:22:50,5:30,70,900,,,,
27,B,27B2,529855,1972877,771,2,06/05/2014,1,17,5:19:15,5:20:12,5:28,32,600,,,,
27,B,27B2,529855,1972877,771,2,06/05/2014,2,18,5:22:25,5:26:38,5:31,75,400,,,,
27,C,27C2,530206,1973159,785,2,06/05/2014,1,17,5:13:12,5:12:20,5:25,340,500,,,,
27,C,27C2,530206,1973159,785,2,06/05/2014,2,17,5:14:10,5:19:49,5:40,10,300,,,,
27,C,27C2,530206,1973159,785,2,06/05/2014,3,18,5:24:19,5:25:06,6:02,140,300,,,,
27,A,27A3,529452,1972591,775,3,07/05/2014,1,,5:32:26,,5:58,100,,,,,
27,B,27B3,529855,1972877,771,3,07/05/2014,1,163,nr,5:15:57,5:26,261,2000,,,,
27,B,27B3,529855,1972877,771,3,07/05/2014,2,15,nr,5:22:41,5:38,5,900,,,,
27,B,27B3,529855,1972877,771,3,07/05/2014,3,17,5:23:16,5:25:04,5:36,22,800,,,,
27,B,27B3,529855,1972877,771,3,07/05/2014,4,,5:29:38,,5:49,132,600,,,,
27,C,27C3,530206,1973159,785,3,07/05/2014,1,15,5:19:47,5:23:19,5:42,340,500,,,,
27,C,27C3,530206,1973159,785,3,07/05/2014,2,17,5:29:52,5:30:59,5:37,10,800,,,,
27,A,27A4,529452,1972591,775,4,08/05/2014,1,15,5:09:19,5:12:36,5:24,360,700,,,,
27,B,27B4,529855,1972877,771,4,08/05/2014,1,15,5:09:13,5:12:55,5:23,342,400,,,,
27,B,27B4,529855,1972877,771,4,08/05/2014,2,163,nr,5:17:59,5:20,260,2000,,,,
27,C,27C4,530206,1973159,785,4,08/05/2014,1,13,5:13:21,5:14:07,5:32,341,520,,,,
27,C,27C4,530206,1973159,785,4,08/05/2014,2,,5:30:08,,5:42,14,700,,,,
28,A,28A1,531356,1972096,881,1,09/05/2014,0,,,,,,,,,,
28,B,28B1,531451,1972615,868,1,09/05/2014,0,,,,,,,,,,
28,C,28C1,531702,1972924,892,1,09/05/2014,1,,5:30:37,,5:48,0,700,,,,
28,A,28A2,531356,1972096,881,2,10/05/2014,0,,,,,,,,,,
28,B,28B2,531451,1972615,868,2,10/05/2014,0,,,,,,,,,,
28,C,28C2,531702,1972924,892,2,10/05/2014,0,,,,,,,,,,
28,A,28A3,531356,1972096,881,3,11/05/2014,0,,,,,,,,,,
28,B,28B3,531451,1972615,868,3,11/05/2014,0,,,,,,,,,,
28,C,28C3,531702,1972924,892,3,11/05/2014,0,,,,,,,,,,
29,A,29A1,531449,1970993,777,1,12/05/2014,1,,5:14:35,,5:19,40,800,,,,
29,B,29B1,531736,1971342,814,1,12/05/2014,1,,5:11:52,,5:15,80,500,,,,
29,C,29C1,532010,1971759,758,1,12/05/2014,1,14,5:22:17,5:30:41,5:34,120,200,,,,
29,A,29A2,531449,1970993,777,2,13/05/2014,0,,,,,,,,,,
29,B,29B2,531736,1971342,814,2,13/05/2014,1,,5:21:10,,5:33,80,500,,,,
29,C,29C2,532010,1971759,758,2,13/05/2014,1,14,5:22:17,5:30:41,5:34,120,200,,,,
29,A,29A3,531449,1970993,777,3,14/05/2014,0,,,,,,,,,,
29,B,29B3,531736,1971342,814,3,14/05/2014,0,,,,,,,,,,
29,C,29C3,532010,1971759,758,3,14/05/2014,0,,,,,,,,,,
30,A,30A1,529753,1970497,815,1,15/05/2014,0,,,,,,,,,,
30,B,30B1,530098,1970760,849,1,15/05/2014,1,13,5:12:20,5:16:09,5:24,15,1000,,,,
30,C,30C1,530465,1970935,851,1,15/05/2014,1,13,5:14:05,nr,5:27,10,800,,,,
30,A,30A2,529753,1970497,815,2,16/05/2014,0,,,,,,,,,,
30,B,30B2,530098,1970760,849,2,16/05/2014,1,,5:52:10,,6:04,0,1500,,,,
30,C,30C2,530465,1970935,851,2,16/05/2014,0,,,,,,,,,,
30,A,30A3,529753,1970497,815,3,17/05/2014,0,,,,,,,,,,
30,B,30B3,530098,1970760,849,3,17/05/2014,0,,,,,,,,,,
30,C,30C3,530465,1970935,851,3,17/05/2014,0,,,,0:27,,,,,,
